application_id,credit_score,risk_label,cloud_cpu_hours,cloud_storage_gb,estimated_cost
5b54199a-0bd7-4a34-bf62-f1e0a89b7eeb,775,Low,0.5,1.2,0.22
34bb30e2-bddf-4df7-adaa-f797d5b55969,840,Low,0.5,1.2,0.22
16ed9ab1-08d8-4a9d-a7c9-a59c84f50d79,714,Low,0.5,1.2,0.22
9472f434-49a6-459c-ba7a-ca873869eab0,785,Low,0.5,1.2,0.22
336c8e21-c3a7-423e-bac0-81afa55c0d5c,771,Low,0.5,1.2,0.22
b5858202-2bbc-4dd1-b140-40e197d4e926,792,Low,0.5,1.2,0.22
5b761c64-6c46-4937-bff8-1338201badb6,832,Low,0.5,1.2,0.22
176c0ee4-ec5c-4eba-b461-8c3520c1f7bc,769,Low,0.5,1.2,0.22
a0f91abc-26d2-44c5-99ae-cfbacc7522ce,809,Low,0.5,1.2,0.22
8d492fa7-f326-426f-972d-1b5ebb85c841,846,Low,0.5,1.2,0.22
42599b83-6638-4e3c-abf0-af18f83c8ec9,847,Low,0.5,1.2,0.22
c7763b99-428b-4522-9543-7a3bab15fc3c,794,Low,0.5,1.2,0.22
f948e9f0-c0cc-42b7-a73b-87e69bd6f6d1,793,Low,0.5,1.2,0.22
4d5b5c1d-328e-4cab-8007-7bbdd4fe4c8b,725,Low,0.5,1.2,0.22
88188daa-7ee5-430f-b849-3779d08a6064,831,Low,0.5,1.2,0.22
d782ad91-93ed-42e2-a21b-a4488a91d661,769,Low,0.5,1.2,0.22
e0cc730f-29a1-4a1a-a6e2-f3706c37bde0,732,Low,0.5,1.2,0.22
a970ea04-244a-46a8-9463-0bcada5d4227,739,Low,0.5,1.2,0.22
1f0e4c4e-a8d4-49f4-b7c8-0fe6961bbfce,803,Low,0.5,1.2,0.22
a3a51a4a-d699-49e7-ba90-32a21c053d8e,764,Low,0.5,1.2,0.22
916ae5c4-f088-44ed-8ac1-36e43f08eb3a,832,Low,0.5,1.2,0.22
90ae49f7-35ae-42c3-9929-9cdc2256c0e3,793,Low,0.5,1.2,0.22
2652ff72-0b01-4db1-8486-617a11148182,728,Low,0.5,1.2,0.22
71deb497-198f-490d-b86a-ee0ddd471a11,772,Low,0.5,1.2,0.22
181b1a0a-2542-4666-9b9e-402083fb4078,816,Low,0.5,1.2,0.22
cb13cb53-340c-487a-b4b7-aabcb308db4e,847,Low,0.5,1.2,0.22
7b8c762b-7eb6-4b5e-a757-8526d93e3a19,831,Low,0.5,1.2,0.22
94a9a4da-2462-44da-9cea-44d304df17be,798,Low,0.5,1.2,0.22
581c2ed0-50ac-442e-b709-bf45ce805766,740,Low,0.5,1.2,0.22
b11aa35b-f5d9-48bc-bf08-9f427d9fbdd2,762,Low,0.5,1.2,0.22
dc4e5317-2757-451f-9fbc-7ecee47083bb,768,Low,0.5,1.2,0.22
4c66379a-f4d5-4ec6-83e2-29d3703b4e7e,731,Low,0.5,1.2,0.22
5355717a-a501-49ff-bfb8-6ed77adec477,723,Low,0.5,1.2,0.22
64130af6-890b-429d-b0e5-c7345d280f29,793,Low,0.5,1.2,0.22
298f0310-c7f4-40ad-8a85-a86fcf2c4218,709,Low,0.5,1.2,0.22
f40707db-6129-4d0d-80d3-b555034d3631,754,Low,0.5,1.2,0.22
a1275cc4-e1af-4fb5-b0bb-4cc688a52d84,815,Low,0.5,1.2,0.22
02d25a70-3c74-4df2-8f58-29906602bb67,719,Low,0.5,1.2,0.22
94828164-3d48-4897-94cd-eb1ff66205cb,741,Low,0.5,1.2,0.22
aa99ec63-6dbd-448a-bcbd-cdddc689b492,757,Low,0.5,1.2,0.22
f8aebc5d-f7b3-46ce-bc98-30524a2e3ca4,721,Low,0.5,1.2,0.22
8d46e507-64f3-4c8f-9f91-8afb63eec59f,747,Low,0.5,1.2,0.22
a3271329-d624-4a54-b9f9-7ff0679d40a9,720,Low,0.5,1.2,0.22
02573f46-5633-4652-8f3d-e4d7c7852063,799,Low,0.5,1.2,0.22
e04c861a-010c-4ae6-a3c9-de9f26ccce4f,742,Low,0.5,1.2,0.22
137b783a-85c7-42de-939a-da761b3f3a34,836,Low,0.5,1.2,0.22
829a3f1b-8b9b-4a36-b012-b0c391ce1aee,800,Low,0.5,1.2,0.22
7b84678e-7d77-4008-91d9-760879ef653f,826,Low,0.5,1.2,0.22
75098738-f7c5-4b14-b327-709412157025,836,Low,0.5,1.2,0.22
1d867ca7-4bf6-4a4f-9d66-1ca38de0b8f1,772,Low,0.5,1.2,0.22
17114f23-1c8c-4966-9115-4d6d4ee8a56b,719,Low,0.5,1.2,0.22
1811df9e-c25b-4edf-a88f-e5ad9cc9b2dc,765,Low,0.5,1.2,0.22
1c953d3e-99b5-458e-9d18-0ae85d15c08a,841,Low,0.5,1.2,0.22
42ce2f91-2084-4ea1-abf6-1ba8cbbeb4b8,746,Low,0.5,1.2,0.22
001bb32a-8a1e-4fe4-8bb2-75fd1b2a35ac,709,Low,0.5,1.2,0.22
527005e0-d7db-4704-aa5b-176892089e4c,789,Low,0.5,1.2,0.22
00a21d27-b74b-49f6-8d76-86924823fde4,742,Low,0.5,1.2,0.22
daee06e7-6a6d-47f6-91b1-246187970437,709,Low,0.5,1.2,0.22
80130b33-097a-433c-a831-a259912911b0,722,Low,0.5,1.2,0.22
848e708b-0460-41e8-80e5-170b7a1b2842,820,Low,0.5,1.2,0.22
771595a2-6fec-4c30-8aa1-b17fc4a4ef58,833,Low,0.5,1.2,0.22
533af81c-3e78-4a63-a9f2-6443826fafc6,739,Low,0.5,1.2,0.22
8b7449a5-c28e-4a25-a90e-2c1eb6fd350b,725,Low,0.5,1.2,0.22
c565a9da-22d1-4277-93ce-4e52d2435a4f,838,Low,0.5,1.2,0.22
8539c64b-b467-4809-a2f9-0d6034866ddc,774,Low,0.5,1.2,0.22
780b7471-b98c-44f4-9fb8-713cc1fd64d1,822,Low,0.5,1.2,0.22
dcca1dcf-3205-459d-afa2-1b9430686038,736,Low,0.5,1.2,0.22
01813481-a6c6-4b6f-9543-68ebd205d292,790,Low,0.5,1.2,0.22
d3c63e11-b280-4d63-97a4-a9ae5146cf4f,745,Low,0.5,1.2,0.22
744309c7-3837-420f-be3d-cf4c2f7cd851,807,Low,0.5,1.2,0.22
05570d56-0c06-4e14-ac42-5e7cceb2cd10,812,Low,0.5,1.2,0.22
1184dff3-12fd-42bf-902b-5d568340c11e,721,Low,0.5,1.2,0.22
513c95c4-3a58-4c16-81d5-0b3e45e07633,834,Low,0.5,1.2,0.22
3f898ea8-979e-4e27-9c89-59c557976717,757,Low,0.5,1.2,0.22
ccfe67b7-e72b-45ef-bcd9-29d4dd9c23f7,819,Low,0.5,1.2,0.22
38cd037d-7da3-4782-ae84-61beb4dac07f,712,Low,0.5,1.2,0.22
988aae55-11a2-4dcf-94b4-ee550fd82652,801,Low,0.5,1.2,0.22
09c72a62-0e96-49c0-b9a6-2deecf83d69f,802,Low,0.5,1.2,0.22
b002a72a-3cbf-42e9-bbcb-7ba885c7f1e8,770,Low,0.5,1.2,0.22
3232c8d2-0618-499b-b234-78b21c54b611,848,Low,0.5,1.2,0.22
1144d1bf-9999-4c6b-a4cc-7b8b48b4065e,760,Low,0.5,1.2,0.22
236598f9-4911-47bb-b2e0-0b4902b18bac,793,Low,0.5,1.2,0.22
6d6e6b53-378a-4bca-9a36-15023e81e82b,785,Low,0.5,1.2,0.22
10528a85-8e15-4043-9696-61b16a11cc34,773,Low,0.5,1.2,0.22
79f6c127-21e9-409e-802b-7f139684cb77,764,Low,0.5,1.2,0.22
c38aef28-9269-4e14-bb51-68cfe54d58eb,806,Low,0.5,1.2,0.22
cb382767-9e6b-4383-ae0e-8a697095a2e9,815,Low,0.5,1.2,0.22
c4af3c93-1deb-4a61-81d0-87781c39c369,769,Low,0.5,1.2,0.22
e7d8abae-df14-4091-a8d3-b80e31d2d9cf,812,Low,0.5,1.2,0.22
aababb79-c0b8-4ae9-a708-29a3ceaec076,768,Low,0.5,1.2,0.22
77907d76-b820-4e06-908f-92c017ffea2e,782,Low,0.5,1.2,0.22
d8a0471b-cad5-417b-ab7a-6b40de4c4436,815,Low,0.5,1.2,0.22
83f5405a-a2b6-422d-9455-81b17394dba0,838,Low,0.5,1.2,0.22
e0b41f3b-40a4-4b6c-9cd2-35ce223d4c23,843,Low,0.5,1.2,0.22
14fd4016-25aa-4c86-85e0-152cf62e9a10,706,Low,0.5,1.2,0.22
cc5f3847-92c1-4c96-aa39-bd13cd80f1d6,847,Low,0.5,1.2,0.22
0a485847-c97c-4c96-a26e-d33617d43aff,765,Low,0.5,1.2,0.22
c0a2b848-8cff-4860-ab95-582d9c0059e8,826,Low,0.5,1.2,0.22
322961e4-efa1-4e84-83c7-d71049ce47e2,799,Low,0.5,1.2,0.22
48da47a5-2690-44c1-ba89-5dc9ca7a2ffb,833,Low,0.5,1.2,0.22
c88d7afa-de07-484f-a643-95723b74c4d2,790,Low,0.5,1.2,0.22
86e31e9f-86b3-493a-bd25-b8f12ae3ed1e,795,Low,0.5,1.2,0.22
487b48d8-725c-47b2-a948-b94e1df576e4,739,Low,0.5,1.2,0.22
0d7bca36-7de3-46c1-98f7-d04ce7062207,773,Low,0.5,1.2,0.22
50cd7aaa-aa6a-463f-811b-4a8711928651,846,Low,0.5,1.2,0.22
ee79af0b-a662-4743-b57a-978483ec1e54,718,Low,0.5,1.2,0.22
fef5e9dc-a942-4aa6-a5d8-e8eecd80c73f,731,Low,0.5,1.2,0.22
4d124190-e551-4a52-b3c7-f44af14b9532,770,Low,0.5,1.2,0.22
565b66a0-df4c-4fb1-a141-e76bfe9f74b1,803,Low,0.5,1.2,0.22
0e1b1b52-06d9-4a31-87d9-eb5f7141d4c3,739,Low,0.5,1.2,0.22
0c8cd081-c94c-4454-b304-2f412dbeda71,700,Low,0.5,1.2,0.22
a07b86db-6f04-48bd-9a8c-e3516a4d84a6,754,Low,0.5,1.2,0.22
cfc8b028-037c-4e2b-834e-3e54c2784901,731,Low,0.5,1.2,0.22
a1645576-b647-41cc-a2ff-a525149bb8c6,757,Low,0.5,1.2,0.22
a878c0ce-1668-4bb7-aa4d-85d6cc182cf1,779,Low,0.5,1.2,0.22
9934e269-b35c-47a0-bbd9-0364893020e8,752,Low,0.5,1.2,0.22
a9d29966-426a-44a4-9592-e09d032626e1,827,Low,0.5,1.2,0.22
7c2c4681-fa60-44b3-9c47-26f276c7c71e,810,Low,0.5,1.2,0.22
75a8e079-8b3d-4fdd-8fbb-02fcb7337a89,705,Low,0.5,1.2,0.22
491c7c75-d094-4692-836f-9e9112010408,845,Low,0.5,1.2,0.22
0b0d6786-a3ed-47c4-a13a-295ee8d753a2,811,Low,0.5,1.2,0.22
c544f9dc-82e4-4437-a38c-6eb4abb44345,784,Low,0.5,1.2,0.22
8747f0fc-ea68-4c58-a93b-2c9120b124a5,744,Low,0.5,1.2,0.22
0a9f8862-b3af-42aa-94d9-52e59bbe7460,812,Low,0.5,1.2,0.22
4e5ee45e-363c-416d-b0e7-a802c861fca8,793,Low,0.5,1.2,0.22
e2ebb679-2107-4fce-9c78-616ff3b901d3,817,Low,0.5,1.2,0.22
2b9719b0-3626-409d-8631-52515d762205,802,Low,0.5,1.2,0.22
d77761d2-86d6-45cc-875c-0cda34391326,788,Low,0.5,1.2,0.22
c8c9ec10-82e2-4895-b9f2-baec661bf2ab,799,Low,0.5,1.2,0.22
dd5d44bb-d7fd-4931-a7c4-dd94853114e9,759,Low,0.5,1.2,0.22
acb0839e-6db8-4fa9-9ba1-7678b416f768,835,Low,0.5,1.2,0.22
1181c787-7bdc-4245-81ee-fa0b9c2dc4f3,773,Low,0.5,1.2,0.22
acac179c-2f54-49ee-8564-c20a07fb2bf1,769,Low,0.5,1.2,0.22
68d90a5d-9f65-4321-b40e-18b1391bba84,731,Low,0.5,1.2,0.22
f455198c-9034-42ab-9698-c387fe9c404c,725,Low,0.5,1.2,0.22
1dee455a-c5ab-4528-88c5-f212d0dc8570,735,Low,0.5,1.2,0.22
8c03fdaf-e4c9-4e34-bbab-2021de23a8e1,769,Low,0.5,1.2,0.22
d29bd325-1e3c-47e2-98b3-6de4c3c54e9d,723,Low,0.5,1.2,0.22
a5765757-005a-4875-83b1-7438641cef7a,765,Low,0.5,1.2,0.22
72d626d0-6609-4ac7-94c4-a8a237ada5cc,818,Low,0.5,1.2,0.22
a7f08ce3-d5ae-4b78-a32f-dd9c28add4da,822,Low,0.5,1.2,0.22
0bac6f4b-c09f-417f-97f4-446070dd8f05,817,Low,0.5,1.2,0.22
827a5a17-3bc1-4dfa-b822-7eae43fb1e93,808,Low,0.5,1.2,0.22
f1d1753b-d7b8-49d6-aa97-06ad0da0d78b,739,Low,0.5,1.2,0.22
b2b09029-1915-40b6-b7a6-296d5d33ce95,787,Low,0.5,1.2,0.22
9d222d0e-b624-48de-b86e-33c8c4ec35f6,837,Low,0.5,1.2,0.22
6a10251c-1dac-408e-8787-746b382a1e52,705,Low,0.5,1.2,0.22
d9a02b1c-6867-488b-985e-85e738a733f0,773,Low,0.5,1.2,0.22
f839b84d-2164-4c3f-bcfd-c4122de69e0b,751,Low,0.5,1.2,0.22
59717427-a3c8-4171-80e7-14ca8b1abeb0,773,Low,0.5,1.2,0.22
860ff90b-2969-46ac-bb93-ac56a2736e03,764,Low,0.5,1.2,0.22
0cf24fd1-054b-40f5-a8f5-2768407f84d5,810,Low,0.5,1.2,0.22
7d6e5f7d-c6a7-4afd-a889-747b4103e6a1,831,Low,0.5,1.2,0.22
e54b5fa2-e387-4d13-a5e9-0b9f851e739f,761,Low,0.5,1.2,0.22
c177c584-bf26-4353-be8c-06b6eac812c1,702,Low,0.5,1.2,0.22
baf183dd-6bca-477e-a136-5e5eedb8ebee,751,Low,0.5,1.2,0.22
974a09e0-9960-496f-a42b-6ed241812bc0,717,Low,0.5,1.2,0.22
5e55f78d-9607-4e5a-b5cc-2a3e494390d6,848,Low,0.5,1.2,0.22
857c112f-d5d4-46c9-88ad-c615c037df89,762,Low,0.5,1.2,0.22
16713848-686a-4a0f-9c0f-03458b25df16,761,Low,0.5,1.2,0.22
f272e3d9-c929-4edb-886d-33766f32074e,802,Low,0.5,1.2,0.22
fcba23e6-74ab-4689-91c9-a1efee0388f0,737,Low,0.5,1.2,0.22
c2f0203b-5a5b-4653-838a-410b26d5dfbb,761,Low,0.5,1.2,0.22
8e08ffbf-5514-4afe-a0f8-f1d5d6724027,770,Low,0.5,1.2,0.22
791c42d5-a8b8-4714-bb4a-bc5010296e9d,787,Low,0.5,1.2,0.22
40871157-5df0-4958-a4c7-62ad0966e790,779,Low,0.5,1.2,0.22
1b0cb962-d0f3-453c-a733-490af2606b3c,796,Low,0.5,1.2,0.22
7244bb45-ebd4-42e6-b6bb-5efc6a661436,735,Low,0.5,1.2,0.22
7e85e602-c06a-48d5-a466-378331dcbece,701,Low,0.5,1.2,0.22
b2d40f44-b7a4-42dd-ad8d-0e1c03da35bf,730,Low,0.5,1.2,0.22
1d677627-eea5-4ea5-8608-307b3e7338f0,778,Low,0.5,1.2,0.22
7ef60939-696c-4007-aea5-54aff5e5f36a,797,Low,0.5,1.2,0.22
0986c32a-81af-4f52-b1d4-8d134f997d5c,715,Low,0.5,1.2,0.22
44e80f9a-58f4-4f2a-91e9-147e308bd704,787,Low,0.5,1.2,0.22
f95a9892-c1b6-4849-a341-e260416a48b7,754,Low,0.5,1.2,0.22
50ee7e1d-dc7c-44d5-bd79-48ac48f32a76,792,Low,0.5,1.2,0.22
5a1b1451-b2ca-466b-8c39-41aabd545fde,818,Low,0.5,1.2,0.22
7ec0dfd8-64c1-4cc9-96d2-d302bbefeaae,754,Low,0.5,1.2,0.22
5497aeca-b2c3-41be-86df-bbc83e94f1fc,797,Low,0.5,1.2,0.22
62c20a16-1b8d-40bf-924c-896571454c18,814,Low,0.5,1.2,0.22
5aaf1b92-c40f-472a-b796-c001baf0da1d,850,Low,0.5,1.2,0.22
b0866ae5-73db-4d04-abd6-646945ec7b6e,726,Low,0.5,1.2,0.22
6ce23723-e81e-4feb-bdce-6720fa1bcdc6,758,Low,0.5,1.2,0.22
06f2571e-8a5f-4b37-af14-c947f9b4c6fd,786,Low,0.5,1.2,0.22
7a516c7b-748c-4dac-95d1-7bfe405ba669,743,Low,0.5,1.2,0.22
f8232809-2f69-42d2-a22e-2445d0a5f906,710,Low,0.5,1.2,0.22
2396b980-e769-4d49-8e76-ceea9ae25d07,813,Low,0.5,1.2,0.22
3437e4b7-979d-40ac-9821-8774b8e48170,754,Low,0.5,1.2,0.22
918643c7-2148-4e71-9772-f453475a31e8,843,Low,0.5,1.2,0.22
bea93941-805b-4bc3-bf50-91f2468c6dc3,766,Low,0.5,1.2,0.22
a01650cd-81fc-47ff-8c25-3f165e2cac0c,710,Low,0.5,1.2,0.22
b3e968c7-438d-4b72-ac5f-7a3f8b17c3a4,702,Low,0.5,1.2,0.22
248ddb9f-0773-4c9e-88d6-001b78a9b734,796,Low,0.5,1.2,0.22
5b58879a-4b05-4a6e-968e-a29bc5593b0b,708,Low,0.5,1.2,0.22
676bb931-e87d-4110-8371-9282e65be6c3,803,Low,0.5,1.2,0.22
83c5049b-21b4-4771-9156-0158fb2b06c7,737,Low,0.5,1.2,0.22
0188c298-75eb-42f8-ac77-5a482138ce6d,786,Low,0.5,1.2,0.22
697cadb8-a9a1-4e8e-a817-9ed41710fc66,702,Low,0.5,1.2,0.22
ed7f733b-49ba-42b6-adf2-73e47e4de78b,807,Low,0.5,1.2,0.22
16e09fb3-c29a-4c3b-a9d9-4e5904dd57ee,786,Low,0.5,1.2,0.22
5d56380e-ba55-4278-a30d-247a70e62994,574,Medium,1.5,2.5,0.55
b7333bf5-05d0-4ccc-ac3b-2f12567c754b,692,Medium,1.5,2.5,0.55
87c9c04b-cba8-4c07-ba7c-9eb86ff41730,583,Medium,1.5,2.5,0.55
15d4b18b-eea8-4b8e-b668-180ddbfb6d2b,635,Medium,1.5,2.5,0.55
36c4b5db-7def-4dd1-adc8-d780f728c1c9,582,Medium,1.5,2.5,0.55
1a60df2f-c0a9-426b-85a1-692a824f850a,661,Medium,1.5,2.5,0.55
7a613e93-0307-49ac-b842-84a176db39df,608,Medium,1.5,2.5,0.55
10db6aa8-7823-4ef6-b25e-e721d2ac1860,589,Medium,1.5,2.5,0.55
444a5b07-b3b1-4a34-83f6-f53f8d66adf4,661,Medium,1.5,2.5,0.55
97f07aff-3443-44b9-aeeb-c1f8fa938b77,684,Medium,1.5,2.5,0.55
3e9381ba-2373-4a46-a5b8-6f8db93a15ce,632,Medium,1.5,2.5,0.55
93390298-d4d6-4a39-b2d2-cff6f8c31bbf,574,Medium,1.5,2.5,0.55
857a1e4f-16d5-4ad0-8a15-153db6d3c501,664,Medium,1.5,2.5,0.55
a14baf4d-44bb-4863-beab-df08c57a20d3,690,Medium,1.5,2.5,0.55
71f09a35-d1a4-4ee8-a701-3256eb587ca9,595,Medium,1.5,2.5,0.55
644f4fe3-8610-4d5f-a262-343b5f451e79,623,Medium,1.5,2.5,0.55
d1582801-8b2b-4cd9-bf0d-e5960fbcbda0,642,Medium,1.5,2.5,0.55
8cfc436e-245d-41be-98b1-d43f7b1efdc0,598,Medium,1.5,2.5,0.55
8fb6cf81-a1ad-4013-9077-cd3b5717696b,633,Medium,1.5,2.5,0.55
7313c0e4-4f6c-4fe2-b74b-bc3164489d8a,559,Medium,1.5,2.5,0.55
1274fec2-23d2-499b-9035-be0dd98aa86f,583,Medium,1.5,2.5,0.55
aa6352c5-5ac7-46ef-b9c0-00db97c6da21,583,Medium,1.5,2.5,0.55
a5e0942b-ad52-4ba0-96a9-b4c2e90f3cfe,579,Medium,1.5,2.5,0.55
1c41c9c8-e363-40db-96c7-8b5030357d9f,607,Medium,1.5,2.5,0.55
3b24428a-e992-4ca3-82f0-f1784410fd81,621,Medium,1.5,2.5,0.55
f0e711ce-cbac-4cc4-a841-83efa189f283,649,Medium,1.5,2.5,0.55
d9dcecc9-f0dc-4436-8a14-6b8d33222f3b,613,Medium,1.5,2.5,0.55
7ee57965-f7fc-4cf4-943e-e3b188443b81,695,Medium,1.5,2.5,0.55
0183ab97-4261-4901-8248-6eee28273fd3,623,Medium,1.5,2.5,0.55
92de1c54-cfa6-4577-8ed0-d86e6ddb6855,662,Medium,1.5,2.5,0.55
c9b4c9c5-7e71-49fa-b4d8-e39a30d34e76,685,Medium,1.5,2.5,0.55
98e8289e-b7a0-43f8-b849-bd25bdfc5c72,677,Medium,1.5,2.5,0.55
55c276af-64b3-4425-b21c-7ad4a152c3b7,641,Medium,1.5,2.5,0.55
cc09fd76-cd5e-4ffa-b5ed-a95427fd0e61,629,Medium,1.5,2.5,0.55
19ed882a-79b3-400f-9c1d-f955329756ac,557,Medium,1.5,2.5,0.55
6cb64c57-6c09-4993-9963-562e89dc4aba,569,Medium,1.5,2.5,0.55
7778f9ee-de75-4218-aa6f-c46486c1bdc7,686,Medium,1.5,2.5,0.55
f8d51349-4a0a-4da0-8950-47c71fd1ae93,616,Medium,1.5,2.5,0.55
3938a371-f742-40fb-98cb-eea791d2c2e3,688,Medium,1.5,2.5,0.55
4a33a259-0b16-478a-b61d-07b660dd6a8e,603,Medium,1.5,2.5,0.55
52224729-fb38-4c32-a0cb-a9afe909c89a,568,Medium,1.5,2.5,0.55
5cb51e81-a011-443b-a2e9-d053d96e7218,629,Medium,1.5,2.5,0.55
95609e88-f8d6-4538-af20-162f96e59aeb,597,Medium,1.5,2.5,0.55
004db853-7300-4077-a8d7-7dd8aea268f4,679,Medium,1.5,2.5,0.55
8360ff17-eba6-4afc-ac5f-3159089942ab,698,Medium,1.5,2.5,0.55
5d28deb9-c85f-410a-a816-24d798df9383,556,Medium,1.5,2.5,0.55
b0bef54e-2647-4ae6-9eeb-a0e5fd63217a,696,Medium,1.5,2.5,0.55
bebb0a3a-b9f3-4c3d-ad40-775f481cffb7,604,Medium,1.5,2.5,0.55
a3148886-3990-432a-97fc-8657a440aeca,657,Medium,1.5,2.5,0.55
44fecebc-6537-429e-912f-ff6f1f7cd8e9,599,Medium,1.5,2.5,0.55
1508ec42-2ab7-457e-8ef3-01afaf04278c,550,Medium,1.5,2.5,0.55
88d8c878-3787-4374-82c2-b52afb546338,603,Medium,1.5,2.5,0.55
69f4edbf-77ae-4c39-a522-03bd921e1925,685,Medium,1.5,2.5,0.55
b04562d0-aa5b-4bdf-9155-0c269b97df9c,674,Medium,1.5,2.5,0.55
4641e7f1-6bb2-42ad-a264-bd739cd96231,568,Medium,1.5,2.5,0.55
c691d39b-0dba-4c83-bfdb-33be4d1f1cad,556,Medium,1.5,2.5,0.55
65debbc8-4d35-41b7-a766-0820601f7742,605,Medium,1.5,2.5,0.55
057de436-b459-425a-98df-e86c5855fbc7,627,Medium,1.5,2.5,0.55
1f85fcd0-d0df-47a3-94bb-086c21a81d54,583,Medium,1.5,2.5,0.55
59063043-5014-411a-bf48-d506470616c0,618,Medium,1.5,2.5,0.55
66697472-6686-44dd-bc0a-062d16163f56,620,Medium,1.5,2.5,0.55
8c45ac27-183f-4d7e-849b-40a4d05f00d0,594,Medium,1.5,2.5,0.55
50c6452d-477a-4d41-bff5-594c134b3989,560,Medium,1.5,2.5,0.55
9ac9e893-a806-4a3a-8575-e1e3ec899390,639,Medium,1.5,2.5,0.55
1711c833-af49-45ce-9d7b-f4054f5c2ac6,638,Medium,1.5,2.5,0.55
040caf7f-ce91-4e8f-ac06-eb2db4caf537,601,Medium,1.5,2.5,0.55
5674d80e-fbed-4f51-b8f5-c3a08094ddd6,682,Medium,1.5,2.5,0.55
169bef41-6ea4-4511-b323-440c4018787f,642,Medium,1.5,2.5,0.55
c4f475d1-8b51-4508-b5b2-57bafa132c09,693,Medium,1.5,2.5,0.55
56e6e0e4-adb3-44da-ac8a-1489bc4385f1,638,Medium,1.5,2.5,0.55
cb6136aa-daf3-47c4-bdcd-a28a9f8315b2,640,Medium,1.5,2.5,0.55
f1bec73e-f37b-4cb7-b293-e236dc778c83,639,Medium,1.5,2.5,0.55
eaa9e53a-80b7-4b1e-a007-26704a4dbe53,633,Medium,1.5,2.5,0.55
3d095c56-abe4-4075-ba2a-9ea2cb9e8c4a,556,Medium,1.5,2.5,0.55
29cbfafb-bd81-4209-acf2-035d877b858f,555,Medium,1.5,2.5,0.55
2794fa5a-cccf-457c-92d3-827c13d868d1,560,Medium,1.5,2.5,0.55
8fb53110-52db-4bc3-a97f-c6458ae20683,645,Medium,1.5,2.5,0.55
2f3daf8c-5f57-4027-bad8-3c77345133de,622,Medium,1.5,2.5,0.55
705612d5-c41c-4bb3-9039-22524c868d6b,649,Medium,1.5,2.5,0.55
a9bcb1a8-2e98-4753-a7d0-4e318b82c715,686,Medium,1.5,2.5,0.55
78364546-a998-4718-bb75-160c5985cebb,603,Medium,1.5,2.5,0.55
1134b9c6-a326-4d6f-a87d-b8a0aec9449f,597,Medium,1.5,2.5,0.55
58350bad-e3f3-4c6a-be1c-3707dfbb4c11,689,Medium,1.5,2.5,0.55
fa84f6a0-1ecc-494f-8b24-90c878a64591,655,Medium,1.5,2.5,0.55
9df4afc5-4b6a-42e4-b76f-a8c352e6ef9e,617,Medium,1.5,2.5,0.55
c5440781-8553-42bc-9768-180ad6180574,568,Medium,1.5,2.5,0.55
07f3b930-35db-41df-940e-03741c173d83,679,Medium,1.5,2.5,0.55
9f4cefac-7d97-41cb-aa64-54323f61fb31,552,Medium,1.5,2.5,0.55
97da6466-2782-40e8-b5e5-3f5565a68caa,674,Medium,1.5,2.5,0.55
a7857bfd-5489-4fd2-9d5c-848f61e6a154,627,Medium,1.5,2.5,0.55
48591c52-0a93-4544-ab64-e7b08d562db3,599,Medium,1.5,2.5,0.55
15bce178-082e-4d36-888f-18d069bec8a6,625,Medium,1.5,2.5,0.55
d2b23053-77c2-4d66-966b-dbe8f8bd8f4b,693,Medium,1.5,2.5,0.55
602b9564-84bd-4391-94ab-fa3ef6b351c9,556,Medium,1.5,2.5,0.55
a239ca29-6e7b-42a2-b3d9-3aeb9110f92d,556,Medium,1.5,2.5,0.55
c92e795b-e219-4b07-97b5-bcc17e6d6c28,603,Medium,1.5,2.5,0.55
ca319370-3a66-4e6d-a46d-007d4e45438d,622,Medium,1.5,2.5,0.55
8a8af97c-df68-4e94-afcf-1f89bae4ec5d,554,Medium,1.5,2.5,0.55
25b713dd-6eed-4730-ab7f-351deaf55984,632,Medium,1.5,2.5,0.55
8569e537-ca7e-439d-ac6c-3dabb42fc3ba,633,Medium,1.5,2.5,0.55
d430bbe8-0c06-4498-8697-cae2d009f597,675,Medium,1.5,2.5,0.55
e7c36309-7f9c-4250-a982-1618db5ca7b3,588,Medium,1.5,2.5,0.55
101ee16a-6ed6-4ae4-ab89-09b6b7eb9a25,679,Medium,1.5,2.5,0.55
528e99fc-04c4-46cb-a82d-e7c8d09e04f9,660,Medium,1.5,2.5,0.55
359c647e-10e9-4265-9fcc-31b46c4131e9,694,Medium,1.5,2.5,0.55
19c95e9f-46a4-4106-b59f-5da78f5b21ac,645,Medium,1.5,2.5,0.55
b116e17f-5e06-4faa-a807-840239aa7423,627,Medium,1.5,2.5,0.55
c0370e92-6a7f-4472-a244-e4a85c0c0238,557,Medium,1.5,2.5,0.55
b3812c28-2d70-45f9-832f-992b48695e48,588,Medium,1.5,2.5,0.55
d667c9f4-5536-4aeb-92ce-2ab3dfe28ddb,696,Medium,1.5,2.5,0.55
25c13461-3683-4e35-a30f-442fddf0bd67,572,Medium,1.5,2.5,0.55
0cdcbc6f-9938-40aa-ac83-807cad5dd2ca,641,Medium,1.5,2.5,0.55
15fca152-d9a2-45cf-98e3-6f6d7290cbc0,617,Medium,1.5,2.5,0.55
a89c164a-b109-4034-b50d-8db992b3aa87,562,Medium,1.5,2.5,0.55
a0230f32-92a3-4ac4-96ad-b334fb52a3e6,627,Medium,1.5,2.5,0.55
cf012b31-f4bb-4fa8-a958-3d4ef4d7b73e,617,Medium,1.5,2.5,0.55
1bc294fb-70a7-4314-9509-dff6c1609899,639,Medium,1.5,2.5,0.55
b7631b3e-1e46-4e5f-8155-90ed29086e22,659,Medium,1.5,2.5,0.55
cb71c012-2481-4227-895a-592a6e7041f8,577,Medium,1.5,2.5,0.55
9060631a-37ab-409e-b8fd-4049d08b568f,586,Medium,1.5,2.5,0.55
cf43cd54-cb6b-49bc-a9d4-78cb40ec6b57,677,Medium,1.5,2.5,0.55
d637b8e6-0b0f-4e05-819c-727ff1c0fae3,669,Medium,1.5,2.5,0.55
4fe269f2-91e5-43ba-8909-40763e176208,578,Medium,1.5,2.5,0.55
b1bc4922-b683-46ad-bbd4-301a3fcc5551,584,Medium,1.5,2.5,0.55
5c8cdf86-b653-4822-9ea1-2d89d48ea336,593,Medium,1.5,2.5,0.55
238890be-4060-4df0-a509-f3e6f8ed3d39,632,Medium,1.5,2.5,0.55
f265f7f4-072a-4c53-a224-15a941276a78,679,Medium,1.5,2.5,0.55
3401c643-40b4-4902-bf88-839a7fcd306c,560,Medium,1.5,2.5,0.55
78c86835-4489-4001-b2f3-358d74e59eae,683,Medium,1.5,2.5,0.55
7deb208c-5c04-4fc3-b47d-d3746e2b5e4c,583,Medium,1.5,2.5,0.55
8d00254a-0a5d-4a9d-9286-0672b5f33604,610,Medium,1.5,2.5,0.55
034ada20-ae79-4fa6-aeb5-534ba19ad1c3,596,Medium,1.5,2.5,0.55
20e696c0-aa83-4980-b3cd-203c8fc75177,578,Medium,1.5,2.5,0.55
fdec5b25-777b-4e22-bca8-afbec6024618,641,Medium,1.5,2.5,0.55
8f5c2f35-ea43-49c3-b83b-00ff7bdf1339,597,Medium,1.5,2.5,0.55
815284dc-d83f-48df-8f4b-897ce92e9d0d,693,Medium,1.5,2.5,0.55
ba1dd690-48fc-438a-ba71-8d09ece75eff,685,Medium,1.5,2.5,0.55
9be1d94b-0772-4bdf-b059-33e501b44e55,589,Medium,1.5,2.5,0.55
a86d111d-94d7-410f-94fb-0d8341615d41,591,Medium,1.5,2.5,0.55
215c61d5-d4b8-4248-95d8-2cf31ff3d33e,620,Medium,1.5,2.5,0.55
9515245e-dee9-48ed-be0a-74d9134fd769,602,Medium,1.5,2.5,0.55
37253183-ada0-4572-82d7-49a928d78c8b,661,Medium,1.5,2.5,0.55
ddbc6e19-2253-42d5-8b9a-31de42cf08d5,653,Medium,1.5,2.5,0.55
e206b89d-dbb7-409f-bf8f-69ca133d3a56,576,Medium,1.5,2.5,0.55
aee54115-37a2-4991-b3c1-c0b6d7120099,554,Medium,1.5,2.5,0.55
5d3d9fac-2f66-4d59-97f8-098a72a5299d,675,Medium,1.5,2.5,0.55
3c4353d2-b38a-4ad2-a0d7-1f504edaaac9,642,Medium,1.5,2.5,0.55
1079f828-4bb6-442b-bfb0-2dcccac6463b,683,Medium,1.5,2.5,0.55
4a8cc138-2e04-4dbd-9812-c9e1ea2ccc43,565,Medium,1.5,2.5,0.55
4049c8ca-72dd-4655-9402-1c2b9984c7f2,576,Medium,1.5,2.5,0.55
3c82a662-5c30-4049-b350-8ca0b5c77e05,627,Medium,1.5,2.5,0.55
f2f4d155-9140-4e52-84b4-2c082c807704,571,Medium,1.5,2.5,0.55
56260aa9-f811-4838-a8ca-1ec28312e9a7,555,Medium,1.5,2.5,0.55
6d9586af-d0cc-4072-af15-f216192a4619,571,Medium,1.5,2.5,0.55
802e8e18-dd1c-460c-8a7b-153889183f83,576,Medium,1.5,2.5,0.55
44e196d8-ce68-4033-a547-ca920b3c24f4,552,Medium,1.5,2.5,0.55
bd98dd30-1685-4af4-a8e4-53c326cdfe38,664,Medium,1.5,2.5,0.55
c3e37bdf-45c0-4bea-b857-51130dc490a4,699,Medium,1.5,2.5,0.55
2b3ccd46-9337-4d4d-a2bd-c64206f0b7d8,611,Medium,1.5,2.5,0.55
c95cff57-876e-4da3-8a91-49077c587a62,643,Medium,1.5,2.5,0.55
3ca028fc-b4f1-461d-8a3e-715a84771fea,596,Medium,1.5,2.5,0.55
c8a4c02d-89aa-4a32-bc3b-aa0e402c9519,619,Medium,1.5,2.5,0.55
81e60574-dbea-4c00-ac98-5a5aa1915d1d,564,Medium,1.5,2.5,0.55
6040ec6d-636a-428e-b7a2-bb1d3ef9dfe4,580,Medium,1.5,2.5,0.55
a9f32d29-d9b3-487e-b58d-c6e4e4da20be,659,Medium,1.5,2.5,0.55
95f5e78a-79d2-4d9c-b9c5-1255ec0e9e2c,628,Medium,1.5,2.5,0.55
6a6825d5-17ac-4cc7-ad5d-e3aa36cde1af,568,Medium,1.5,2.5,0.55
5129600c-af4c-4e67-a70e-89677f85f88b,615,Medium,1.5,2.5,0.55
086aa03d-1623-4e72-977c-87822eae4388,654,Medium,1.5,2.5,0.55
32b3873e-7f23-4bc5-90a5-6e58ff2909db,627,Medium,1.5,2.5,0.55
46870789-5d11-44bd-b7e6-df85f309a68c,574,Medium,1.5,2.5,0.55
fe6e4b27-270b-4bf6-b9f9-1b3087357d87,641,Medium,1.5,2.5,0.55
4aeeeb46-24ba-4728-8201-9905f891021f,643,Medium,1.5,2.5,0.55
48cb0659-f405-4bea-ae50-c79b45bca604,598,Medium,1.5,2.5,0.55
e477ebd5-6342-4c77-867d-afe8bf2f41ca,597,Medium,1.5,2.5,0.55
0573e2c2-7340-4a2f-aedc-a7948f6683fe,643,Medium,1.5,2.5,0.55
f3039920-addb-44ef-afa7-067be5a58e06,575,Medium,1.5,2.5,0.55
12469933-1d17-45a7-85a9-7d9ec1326097,621,Medium,1.5,2.5,0.55
04af90f2-f6b7-4838-9051-0e28362e50df,676,Medium,1.5,2.5,0.55
3e7cc456-e6de-41c3-b2a4-775e104bee20,609,Medium,1.5,2.5,0.55
c0de1b51-ea84-401a-9b5f-6b9bc5933cd3,693,Medium,1.5,2.5,0.55
7edfcda7-7f8d-41c4-a003-e753db66a474,574,Medium,1.5,2.5,0.55
838b2532-1a70-49c3-82e5-4ab5e59d360f,555,Medium,1.5,2.5,0.55
5b6e6c6d-4a38-4091-87e8-e7ea2aa9f24f,626,Medium,1.5,2.5,0.55
5877a857-1bee-4cc1-803e-64be7400f65d,596,Medium,1.5,2.5,0.55
10185d95-471c-48e4-8680-13b89d5a51f7,662,Medium,1.5,2.5,0.55
8c58ce2c-742c-4593-b6f7-dfe5e48e6350,613,Medium,1.5,2.5,0.55
82b04ed1-d2be-4f3e-be00-c6d85b338798,656,Medium,1.5,2.5,0.55
32a3b485-3a87-4882-8f66-2042addecdd2,585,Medium,1.5,2.5,0.55
0001fd2d-9820-4c45-9526-7eae5621fad5,694,Medium,1.5,2.5,0.55
93b42140-9aa0-4ae7-bc58-739c499cfbed,663,Medium,1.5,2.5,0.55
0240d4f0-b51a-439d-905d-7444e9d9a7f0,592,Medium,1.5,2.5,0.55
5b306d6e-3aa4-48ac-b581-036d0fdf13dc,618,Medium,1.5,2.5,0.55
b7ddc391-fd28-4972-9ed0-03bd8f154442,699,Medium,1.5,2.5,0.55
76695262-0be5-4fd3-9487-3f86ef349c52,680,Medium,1.5,2.5,0.55
79117c59-3cf2-4ea6-99cc-33f1956d107a,659,Medium,1.5,2.5,0.55
e514d4eb-422d-473f-bf12-4aeaf4d40bca,689,Medium,1.5,2.5,0.55
a2416937-4d6a-462a-b829-dfbdb5a990b0,683,Medium,1.5,2.5,0.55
fd7b5840-d875-47ce-9282-ec5e5a81a19c,590,Medium,1.5,2.5,0.55
e924467b-4c00-4d4d-b3ad-33dd52846c52,680,Medium,1.5,2.5,0.55
5963db6b-ad9b-4990-92bf-835712eb42a7,506,High,3.0,4.5,1.05
3d61512b-1d43-44cc-b6db-223f23a3083d,503,High,3.0,4.5,1.05
fcbb8b23-3ff5-45d8-b8ec-76c8cae334bc,374,High,3.0,4.5,1.05
1631fdaa-6975-4791-ad50-bbdd0915d01d,447,High,3.0,4.5,1.05
87dfca95-135f-4020-8aaf-e53dfe83506b,529,High,3.0,4.5,1.05
e1d3d625-a20e-447f-a23b-5af441b78e02,539,High,3.0,4.5,1.05
34107596-d1c0-4a58-a4db-bf4d2223d768,478,High,3.0,4.5,1.05
7a3e675b-c6ee-4f86-9f98-567300e05b6d,434,High,3.0,4.5,1.05
6058ca25-47d0-4ecb-b75d-5b6420c8a54d,437,High,3.0,4.5,1.05
0cfd30bf-2dc5-4b77-ad17-66c071d22f16,318,High,3.0,4.5,1.05
0682af91-7590-42f5-995b-c9a53b11eb04,446,High,3.0,4.5,1.05
412c8b0b-08fd-4a90-82dc-b243e50fe24a,515,High,3.0,4.5,1.05
c406e22b-75b2-4d12-903c-dcfcc1c39fbd,485,High,3.0,4.5,1.05
812319a5-43f7-422b-b743-f71d75407d3c,356,High,3.0,4.5,1.05
cd2a4c9f-978d-438c-b5eb-ada316f32da3,521,High,3.0,4.5,1.05
4344ff8a-42bf-4e55-86c7-a099b15fe531,482,High,3.0,4.5,1.05
61abb2d9-38a9-4cf8-8f4e-c362135d250f,433,High,3.0,4.5,1.05
2630cf03-8e2f-430f-972a-9ba995995a5d,494,High,3.0,4.5,1.05
63676444-6a31-4f6c-8b5e-11ad36939c78,338,High,3.0,4.5,1.05
25e6a71d-3d98-4379-b406-277424c0c32c,514,High,3.0,4.5,1.05
e9a337de-2e2c-41ec-b2de-b382522f5344,327,High,3.0,4.5,1.05
8fac3ab4-ab63-437c-8790-1aa73af38f47,358,High,3.0,4.5,1.05
21cda52e-bc19-42e6-abd1-968bfc309327,321,High,3.0,4.5,1.05
74be1e15-4d77-4fa8-9702-bae4edb529eb,437,High,3.0,4.5,1.05
02fb1f16-7615-4711-ae69-2580c0e78ee4,543,High,3.0,4.5,1.05
a9eeff3a-7f04-4e88-8a19-59f5eebf9e5c,536,High,3.0,4.5,1.05
9837c9c4-e6d9-4806-aacc-c8fea4fce7d8,329,High,3.0,4.5,1.05
8a748e42-f5b8-457c-aaa0-cd05bfaff6bf,313,High,3.0,4.5,1.05
a5e76895-9f04-4b7f-9267-fa43863b0a9c,327,High,3.0,4.5,1.05
20ccf2c1-1a4d-4ef0-9989-0db2f916438c,464,High,3.0,4.5,1.05
b9dc9671-0193-4ee4-87e9-2620f292f8d1,338,High,3.0,4.5,1.05
a62ff7eb-720e-463c-8426-b2931523e2e8,312,High,3.0,4.5,1.05
dd2a93fd-eeb8-47a9-a697-34c43f07040a,433,High,3.0,4.5,1.05
8a5b78ad-e022-4947-889a-a70d4df551fd,500,High,3.0,4.5,1.05
8a45e2fa-41f8-4821-ac3a-568ef5b6daf1,315,High,3.0,4.5,1.05
8228fe8f-435a-42d2-8c4e-04b6fa72cf5e,533,High,3.0,4.5,1.05
6bdfc66d-ab18-4726-b027-5e7d7caada54,371,High,3.0,4.5,1.05
7118e75b-57e9-4fd4-8455-1cf342a06bf8,395,High,3.0,4.5,1.05
69187303-85d7-422b-8468-03899902e11e,456,High,3.0,4.5,1.05
4d5d5da7-37f0-4d4b-bbf6-36d63c86697d,343,High,3.0,4.5,1.05
d6b092c6-016e-455e-bfbe-494ad1a362ea,490,High,3.0,4.5,1.05
b260a44f-77fb-461e-a81c-0bbfd05f559e,342,High,3.0,4.5,1.05
294bb865-f723-4e27-a4c6-d833a1d84322,364,High,3.0,4.5,1.05
c2442a6c-3301-4951-8089-59da64fe0c2f,400,High,3.0,4.5,1.05
05232dc2-abbb-4f8b-a992-fae55b46c6cc,386,High,3.0,4.5,1.05
54f5f832-77b3-4e0a-96e2-87eb267bb218,342,High,3.0,4.5,1.05
62495ef4-4053-4a82-b700-26680f91b946,435,High,3.0,4.5,1.05
bf956650-a6d6-451f-90d1-128ea603429a,426,High,3.0,4.5,1.05
845bc708-552e-4911-9a8b-0a3f15f5303c,402,High,3.0,4.5,1.05
c5384693-dddb-46b2-805a-b905066061ba,365,High,3.0,4.5,1.05
9d7688dd-0be8-4342-9224-609fadb1a1e3,408,High,3.0,4.5,1.05
6e1092d5-0619-41e4-908b-cec1daf53d99,420,High,3.0,4.5,1.05
904b9c43-724b-4920-9ff7-b442e5773cc3,309,High,3.0,4.5,1.05
8fc0e39d-eec8-4c6d-b299-90c652faf9ee,424,High,3.0,4.5,1.05
cf89b3d3-ac1d-4985-a142-26dfc284ad2d,333,High,3.0,4.5,1.05
c9284549-7799-4a89-8c51-20b20a149df0,504,High,3.0,4.5,1.05
a39fd329-24d8-47dc-af36-464fc0f212cb,532,High,3.0,4.5,1.05
8c43dbf6-ece9-4c63-a9ba-ed0ed7a0b35d,437,High,3.0,4.5,1.05
ee401e24-2ae4-4fd0-b48a-1117a165af1f,411,High,3.0,4.5,1.05
58087df4-26a7-49d0-ad62-d79b4c9db424,504,High,3.0,4.5,1.05
cdc79c4f-f8aa-430d-919b-91199eddfab1,364,High,3.0,4.5,1.05
eea93665-859d-4a8b-ba8b-f3a17fa21ee0,443,High,3.0,4.5,1.05
3f1bfe17-22cb-45c6-99a7-ccad70130306,399,High,3.0,4.5,1.05
6a789c01-68b4-4c33-a71a-af15b3c81d4f,331,High,3.0,4.5,1.05
84855841-249b-400a-a74f-11b89e840eb0,512,High,3.0,4.5,1.05
c679d177-1c0e-4aab-8412-0088cdb2b162,496,High,3.0,4.5,1.05
31a9cb6a-67ea-423a-aeed-9cf4df0431b8,439,High,3.0,4.5,1.05
5471589c-1986-4292-bf5f-b85e031cde72,451,High,3.0,4.5,1.05
6f8c8b1f-7ab1-4676-b433-4b5889d70936,489,High,3.0,4.5,1.05
59e976fc-4b24-43b5-beed-14585016729b,407,High,3.0,4.5,1.05
e7793400-8819-45a9-ac15-55b9c8a1c379,343,High,3.0,4.5,1.05
986d02e9-7d5b-43e7-88e0-84e51fc006d6,320,High,3.0,4.5,1.05
2461b85d-56a4-447c-aaa4-5cbefe5f5408,320,High,3.0,4.5,1.05
856ae2c4-8f9a-4cd4-96da-9e9827a465eb,488,High,3.0,4.5,1.05
a742e3e9-13bc-4520-be57-6b5e3ad49583,470,High,3.0,4.5,1.05
cc325c6e-7acf-48ce-a660-a1bf89fb0cc3,379,High,3.0,4.5,1.05
be603c28-68e9-40c8-9b50-e6903e3059c5,415,High,3.0,4.5,1.05
1185b908-6b96-41ce-9d23-81e82dd2ce34,443,High,3.0,4.5,1.05
a1a1ec7c-5505-40cb-b2af-1b3f14c15801,544,High,3.0,4.5,1.05
a4bbeaa4-64a5-49a1-905c-4107fb669450,305,High,3.0,4.5,1.05
d2aed587-3f5e-4140-b8ca-b2c7baf38abb,320,High,3.0,4.5,1.05
7181e6ee-3b93-43f3-af8d-7dd9fb762e40,518,High,3.0,4.5,1.05
8eccb933-4f02-4a8d-9d44-82437ce4b3bc,329,High,3.0,4.5,1.05
8be2a4d9-63ef-46ef-b868-83b6ff7b535f,371,High,3.0,4.5,1.05
f99e6a9a-39f2-498d-abdc-928f0186ed08,531,High,3.0,4.5,1.05
d2536070-45ff-4863-a837-d05c06ccf4d0,420,High,3.0,4.5,1.05
f7406e5a-7f69-4c7e-ba80-94a56ae4a91a,368,High,3.0,4.5,1.05
79dff0b5-aa7c-4ccb-a282-3fe66b1fad37,528,High,3.0,4.5,1.05
a4883eb3-1833-420a-a269-db581a23724c,381,High,3.0,4.5,1.05
ad8b4773-8ad4-423f-afc2-3f3b5a8e7831,309,High,3.0,4.5,1.05
ceb97653-bec6-4f80-93c2-a87188d57167,347,High,3.0,4.5,1.05
3f50c466-43ed-44cd-badf-37bb857bd01f,516,High,3.0,4.5,1.05
787206bf-1b08-41a7-937f-49ba49773c1f,346,High,3.0,4.5,1.05
10b7da9c-4dc9-48f1-bc2d-3e2a3edf0392,357,High,3.0,4.5,1.05
16c68e81-c2e5-4f28-948e-0184c38541aa,440,High,3.0,4.5,1.05
f293c078-3f07-40b6-9d4f-fd8712bcf1eb,548,High,3.0,4.5,1.05
70897e7c-61c2-45fe-8180-808448700ee1,516,High,3.0,4.5,1.05
63cf9fa4-77ba-4b43-8935-b2dfc3e198fd,475,High,3.0,4.5,1.05
36b5ed5e-5b57-4405-a661-2b287a3b3392,381,High,3.0,4.5,1.05
46e8529b-1766-41e0-a4de-6f5f69194e98,395,High,3.0,4.5,1.05
e4896460-9fe1-4c92-89c7-7bd67e6739cf,403,High,3.0,4.5,1.05
916be003-645f-4954-93c0-b4326aeafb65,325,High,3.0,4.5,1.05
70ba30d9-5671-4288-a1d0-ad3c3915a729,364,High,3.0,4.5,1.05
cf959c40-1a1d-4e5e-9e2c-7879054e0b14,545,High,3.0,4.5,1.05
67166864-e16d-4731-97e8-0f2aa0257980,340,High,3.0,4.5,1.05
46e0010b-d152-4b63-8a18-1e8d2c362b03,321,High,3.0,4.5,1.05
b0cf4c92-55d8-45ac-ab2c-9e6850051e31,348,High,3.0,4.5,1.05
bbe50452-b10c-45ad-bf71-1bf0e246541f,324,High,3.0,4.5,1.05
2bb1b0b7-d78e-4880-a82f-04de2b1c9bd9,429,High,3.0,4.5,1.05
041de4b7-c082-491e-8316-5199f9e7f093,537,High,3.0,4.5,1.05
77f2f0cb-20e8-479b-8fa4-e74928de74a5,498,High,3.0,4.5,1.05
f446eeef-2612-4771-a5e3-5464a878a64c,461,High,3.0,4.5,1.05
2a6e8333-e05f-4be7-b72a-db1deb69f4d3,398,High,3.0,4.5,1.05
ae96ed15-3f17-4181-9bb4-24a5185eed0e,401,High,3.0,4.5,1.05
2dbc7867-051f-403d-94c7-2966b08e8220,432,High,3.0,4.5,1.05
6b3d7da1-46e9-44b2-b930-67c4b645edef,445,High,3.0,4.5,1.05
b09a9dc3-719a-470f-ab28-f5e992b31f0c,319,High,3.0,4.5,1.05
e4606db9-1014-41c5-b07b-143c95b352ea,407,High,3.0,4.5,1.05
3550f616-68fa-4780-9941-17d36fc363fd,501,High,3.0,4.5,1.05
9c2ca81b-6431-421c-9506-9faeed1483ba,446,High,3.0,4.5,1.05
33346947-4c3c-4e71-9219-4f6b21077c87,508,High,3.0,4.5,1.05
cb92496f-17a2-45ff-9520-79cde0d4bd67,540,High,3.0,4.5,1.05
7533faed-b3ca-4f64-a515-78877fa0f6f1,339,High,3.0,4.5,1.05
3e22f5c2-2fcf-4fa3-9ae2-8eba200c3f17,327,High,3.0,4.5,1.05
9af3d239-ec64-4711-95c8-b7f366ef3388,517,High,3.0,4.5,1.05
2c1c3a5c-5118-49e3-a55b-a805604c6322,507,High,3.0,4.5,1.05
3a2de07a-740d-445e-bb25-9caca4ae6084,498,High,3.0,4.5,1.05
b94469d3-f94c-44aa-9ea6-fc77cbc75d3b,380,High,3.0,4.5,1.05
b7564809-a0b5-4888-84fd-02ff87a72f09,355,High,3.0,4.5,1.05
b7017000-57ce-4624-b7c6-460b6d74d59a,520,High,3.0,4.5,1.05
e9f3c0a1-4f55-4e97-aa78-682ae9984e48,466,High,3.0,4.5,1.05
943761cd-6c5f-4d4e-ad2c-2e041b4a6749,351,High,3.0,4.5,1.05
5bdf0993-dc8e-4182-a6e5-85ba47cb97a3,456,High,3.0,4.5,1.05
2d91bebc-d5ee-4489-a748-156270707375,402,High,3.0,4.5,1.05
7f80ee29-4225-45de-b00f-ec6e72021068,432,High,3.0,4.5,1.05
bbbcdf73-f961-42bf-b8a8-64b9b593d230,487,High,3.0,4.5,1.05
6130fb52-ce1d-4e52-aa75-7b974cafc136,470,High,3.0,4.5,1.05
52777b9f-8baf-41ef-b200-da5fb560b870,310,High,3.0,4.5,1.05
868dec87-8fcf-4b77-a900-886a05a0c762,547,High,3.0,4.5,1.05
baede690-04f5-4d35-85d1-39d2fc2665b6,472,High,3.0,4.5,1.05
df5bb823-30f9-4df3-b0aa-2518f9ddec68,331,High,3.0,4.5,1.05
c7f2e3a6-8b66-4228-8f4e-b0a5bc3a55fe,338,High,3.0,4.5,1.05
d0ec11c7-b35a-4320-b2e1-c390c2af7d0a,418,High,3.0,4.5,1.05
6cf2b67a-95f6-4c3c-a944-d49969157418,408,High,3.0,4.5,1.05
fa41deb9-6dbd-41eb-9df1-a09317a27bd7,322,High,3.0,4.5,1.05
d7af7831-b772-4c22-a9e4-e7c873f42a51,456,High,3.0,4.5,1.05
77510113-4c19-4d83-8e0c-b9edd1058c79,456,High,3.0,4.5,1.05
60b6f831-44a8-4feb-9d5a-b2ef3b555e42,464,High,3.0,4.5,1.05
9976b8e4-6e5d-45f6-a94d-082f450e8f6b,425,High,3.0,4.5,1.05
6d23b43b-5aa7-49ae-8cee-8217dd28ce38,342,High,3.0,4.5,1.05
bb9cf770-2fe0-4580-8a2b-118c5db49676,527,High,3.0,4.5,1.05
693defa1-9c72-4f80-ac36-07985df60558,435,High,3.0,4.5,1.05
bc4baf07-f4a8-437b-bd54-7c28ef3a6d9d,331,High,3.0,4.5,1.05
440bc163-fbb8-4cfe-afe7-67bd6fda83a5,442,High,3.0,4.5,1.05
4b061940-c59c-4506-a500-fccb46f09ebb,420,High,3.0,4.5,1.05
8ec6558f-5884-45e7-8c58-7efb71be882a,372,High,3.0,4.5,1.05
bbb5b04c-c607-491a-94fa-b25b6f249caa,410,High,3.0,4.5,1.05
bc3db6d4-56e8-4714-a40b-f234bca2af77,384,High,3.0,4.5,1.05
130bbf8c-8152-4baf-9d01-e10d5b290f35,366,High,3.0,4.5,1.05
57aa5f44-ef80-4da9-ae76-5fd984dec040,328,High,3.0,4.5,1.05
b0d0630a-9755-41f4-b5f0-086e4b647ce9,389,High,3.0,4.5,1.05
ea442423-a9ef-44c4-b2fc-83d698d8f63d,501,High,3.0,4.5,1.05
739f7cb3-7f8d-48a5-a084-d95f4e3e95a8,309,High,3.0,4.5,1.05
2a513133-b6f5-4a70-bc39-ed534dfc3e41,438,High,3.0,4.5,1.05
de805b8f-a923-4fa8-80d3-06b4dc240fe8,324,High,3.0,4.5,1.05
610b76d5-023a-48c6-b30e-284d891e84b7,315,High,3.0,4.5,1.05
4797ff9f-728b-49c0-8c5d-8fe12e7b0f34,345,High,3.0,4.5,1.05
49e7bbca-c6cc-44fe-8091-100734e700c0,311,High,3.0,4.5,1.05
aeda705e-bb4c-4544-9b7d-115dc18cea89,452,High,3.0,4.5,1.05
11b7e7ef-3fc6-4dec-92fa-cb1a58b72dc5,497,High,3.0,4.5,1.05
e715924d-2133-4147-ad45-0446f3b9f35c,330,High,3.0,4.5,1.05
94e02949-077b-4b1a-a57f-1cdfd1d5d3c2,449,High,3.0,4.5,1.05
91f563da-6bf3-46b2-8916-da952e46950a,476,High,3.0,4.5,1.05
a4a2a9c5-2bb3-474c-bef4-33542772fdfa,545,High,3.0,4.5,1.05
613404e7-6b2e-4735-83af-1aeaec5ee8c3,454,High,3.0,4.5,1.05
0d0ff92e-85cb-408a-965c-e097558dd2c6,461,High,3.0,4.5,1.05
28255b88-c83f-467c-8902-c6d3cf36bd59,337,High,3.0,4.5,1.05
434d5546-3e29-4d7d-ace3-846929225273,313,High,3.0,4.5,1.05
bed7e72e-2354-4e41-afda-25de8bb6826a,528,High,3.0,4.5,1.05
5c57bb3b-6745-4594-8068-c11e6b878158,466,High,3.0,4.5,1.05
f3c38e19-7f9e-4467-95c9-942e174a05b4,509,High,3.0,4.5,1.05
7b8cf344-16bd-4ec8-bcc6-a330d09eb41a,441,High,3.0,4.5,1.05
7e159e74-64c7-480d-8cfd-5c854fdc94b2,447,High,3.0,4.5,1.05
56ba1019-9a3a-45ae-818f-d9a0187e80e5,424,High,3.0,4.5,1.05
54ac445b-256a-49ec-a7a5-0f6ed878f95c,441,High,3.0,4.5,1.05
c651c6c5-8ac0-48f6-9de3-64e546fe919f,451,High,3.0,4.5,1.05
2da9e7c3-1e55-405e-9401-d98dd2a2fdb7,511,High,3.0,4.5,1.05
9070c24d-092e-4725-938f-c43d55b02e42,469,High,3.0,4.5,1.05
8c240219-d327-4d63-9b68-56b5314c3044,518,High,3.0,4.5,1.05
3842a000-c7c7-48ff-8745-cfcac46960a1,498,High,3.0,4.5,1.05
4b73a6c9-79d1-46ec-9380-d22aaa3ff5d2,302,High,3.0,4.5,1.05
34b9adef-65ea-48f1-a6f0-f588be20e1f9,365,High,3.0,4.5,1.05
5f9caa2a-5a4e-47bc-b9fd-1b7b48693073,415,High,3.0,4.5,1.05
7f05a2e7-4fe4-469b-8802-007ccb261f8f,431,High,3.0,4.5,1.05
6465820d-d44c-4785-8b0d-69869fed4be7,365,High,3.0,4.5,1.05
851bda48-7e2d-448d-9000-8260bf329f45,541,High,3.0,4.5,1.05
40e4f3a4-f281-44f1-855c-6ec350b2b2ca,432,High,3.0,4.5,1.05
5dfa8e61-2282-4d31-a638-e8c1214a0b1b,306,High,3.0,4.5,1.05
b65794a9-65c8-45fd-a064-c5b460db9ced,330,High,3.0,4.5,1.05
b5be31c8-26b5-42ab-a11a-6a45514e5ad0,452,High,3.0,4.5,1.05
