application_id,age,annual_income,loan_amount,credit_history_length,previous_defaults,employment_type,credit_score,risk_label
5b54199a-0bd7-4a34-bf62-f1e0a89b7eeb,46,62925,29383,12,2,Self-Employed,775,Low
34bb30e2-bddf-4df7-adaa-f797d5b55969,21,78616,21949,8,0,Unemployed,840,Low
16ed9ab1-08d8-4a9d-a7c9-a59c84f50d79,31,34610,15040,12,1,Self-Employed,714,Low
9472f434-49a6-459c-ba7a-ca873869eab0,63,112669,4848,9,2,Unemployed,785,Low
336c8e21-c3a7-423e-bac0-81afa55c0d5c,54,55495,23625,18,2,Self-Employed,771,Low
b5858202-2bbc-4dd1-b140-40e197d4e926,46,116043,17001,3,3,Salaried,792,Low
5b761c64-6c46-4937-bff8-1338201badb6,65,63274,6293,14,2,Unemployed,832,Low
176c0ee4-ec5c-4eba-b461-8c3520c1f7bc,46,39188,10085,4,0,Unemployed,769,Low
a0f91abc-26d2-44c5-99ae-cfbacc7522ce,43,97765,13214,5,3,Unemployed,809,Low
8d492fa7-f326-426f-972d-1b5ebb85c841,51,46131,14127,13,1,Salaried,846,Low
42599b83-6638-4e3c-abf0-af18f83c8ec9,48,67085,27835,1,2,Self-Employed,847,Low
c7763b99-428b-4522-9543-7a3bab15fc3c,64,58477,19176,20,3,Salaried,794,Low
f948e9f0-c0cc-42b7-a73b-87e69bd6f6d1,52,92717,9393,20,1,Self-Employed,793,Low
4d5b5c1d-328e-4cab-8007-7bbdd4fe4c8b,25,76534,16399,15,1,Self-Employed,725,Low
88188daa-7ee5-430f-b849-3779d08a6064,23,92415,19943,4,1,Salaried,831,Low
d782ad91-93ed-42e2-a21b-a4488a91d661,38,99095,19317,20,3,Salaried,769,Low
e0cc730f-29a1-4a1a-a6e2-f3706c37bde0,63,71794,3452,9,1,Salaried,732,Low
a970ea04-244a-46a8-9463-0bcada5d4227,52,63851,26592,6,0,Self-Employed,739,Low
1f0e4c4e-a8d4-49f4-b7c8-0fe6961bbfce,35,112590,4717,3,1,Salaried,803,Low
a3a51a4a-d699-49e7-ba90-32a21c053d8e,50,92419,17080,17,3,Self-Employed,764,Low
916ae5c4-f088-44ed-8ac1-36e43f08eb3a,50,32861,5406,13,3,Self-Employed,832,Low
90ae49f7-35ae-42c3-9929-9cdc2256c0e3,30,45549,28410,1,0,Self-Employed,793,Low
2652ff72-0b01-4db1-8486-617a11148182,32,39817,22126,1,1,Unemployed,728,Low
71deb497-198f-490d-b86a-ee0ddd471a11,34,83551,21102,11,0,Unemployed,772,Low
181b1a0a-2542-4666-9b9e-402083fb4078,33,35805,20496,19,1,Salaried,816,Low
cb13cb53-340c-487a-b4b7-aabcb308db4e,41,100419,28485,10,3,Unemployed,847,Low
7b8c762b-7eb6-4b5e-a757-8526d93e3a19,65,39610,17077,7,2,Salaried,831,Low
94a9a4da-2462-44da-9cea-44d304df17be,31,102579,25560,8,3,Self-Employed,798,Low
581c2ed0-50ac-442e-b709-bf45ce805766,45,64639,10285,13,0,Unemployed,740,Low
b11aa35b-f5d9-48bc-bf08-9f427d9fbdd2,49,56921,25967,2,0,Salaried,762,Low
dc4e5317-2757-451f-9fbc-7ecee47083bb,60,92556,23912,17,1,Self-Employed,768,Low
4c66379a-f4d5-4ec6-83e2-29d3703b4e7e,37,49692,4983,20,3,Salaried,731,Low
5355717a-a501-49ff-bfb8-6ed77adec477,22,80766,9894,14,1,Unemployed,723,Low
64130af6-890b-429d-b0e5-c7345d280f29,50,47731,22015,12,0,Salaried,793,Low
298f0310-c7f4-40ad-8a85-a86fcf2c4218,47,73062,10959,19,1,Salaried,709,Low
f40707db-6129-4d0d-80d3-b555034d3631,22,74600,18885,15,3,Salaried,754,Low
a1275cc4-e1af-4fb5-b0bb-4cc688a52d84,61,93800,4079,5,0,Self-Employed,815,Low
02d25a70-3c74-4df2-8f58-29906602bb67,37,95618,7532,13,3,Unemployed,719,Low
94828164-3d48-4897-94cd-eb1ff66205cb,21,39300,27603,10,2,Unemployed,741,Low
aa99ec63-6dbd-448a-bcbd-cdddc689b492,53,50722,26304,6,1,Salaried,757,Low
f8aebc5d-f7b3-46ce-bc98-30524a2e3ca4,24,60175,4131,4,1,Unemployed,721,Low
8d46e507-64f3-4c8f-9f91-8afb63eec59f,63,101709,22269,14,2,Self-Employed,747,Low
a3271329-d624-4a54-b9f9-7ff0679d40a9,48,92765,26743,17,1,Unemployed,720,Low
02573f46-5633-4652-8f3d-e4d7c7852063,48,106741,28621,8,2,Salaried,799,Low
e04c861a-010c-4ae6-a3c9-de9f26ccce4f,64,68679,28834,19,2,Self-Employed,742,Low
137b783a-85c7-42de-939a-da761b3f3a34,63,72104,27260,14,0,Salaried,836,Low
829a3f1b-8b9b-4a36-b012-b0c391ce1aee,24,66074,15927,20,2,Self-Employed,800,Low
7b84678e-7d77-4008-91d9-760879ef653f,53,107110,18979,10,0,Self-Employed,826,Low
75098738-f7c5-4b14-b327-709412157025,26,44922,7249,15,3,Salaried,836,Low
1d867ca7-4bf6-4a4f-9d66-1ca38de0b8f1,55,98866,4778,3,3,Unemployed,772,Low
17114f23-1c8c-4966-9115-4d6d4ee8a56b,40,107414,15989,3,2,Self-Employed,719,Low
1811df9e-c25b-4edf-a88f-e5ad9cc9b2dc,56,100361,19085,5,1,Self-Employed,765,Low
1c953d3e-99b5-458e-9d18-0ae85d15c08a,50,43620,13680,7,2,Unemployed,841,Low
42ce2f91-2084-4ea1-abf6-1ba8cbbeb4b8,34,119195,27429,3,3,Unemployed,746,Low
001bb32a-8a1e-4fe4-8bb2-75fd1b2a35ac,53,82700,17037,15,2,Unemployed,709,Low
527005e0-d7db-4704-aa5b-176892089e4c,54,57263,19760,19,3,Unemployed,789,Low
00a21d27-b74b-49f6-8d76-86924823fde4,40,98025,6564,12,3,Salaried,742,Low
daee06e7-6a6d-47f6-91b1-246187970437,22,94531,21993,20,0,Salaried,709,Low
80130b33-097a-433c-a831-a259912911b0,49,99541,16354,14,3,Unemployed,722,Low
848e708b-0460-41e8-80e5-170b7a1b2842,46,110736,29474,19,0,Unemployed,820,Low
771595a2-6fec-4c30-8aa1-b17fc4a4ef58,27,71384,14713,9,0,Self-Employed,833,Low
533af81c-3e78-4a63-a9f2-6443826fafc6,33,58849,15893,1,2,Unemployed,739,Low
8b7449a5-c28e-4a25-a90e-2c1eb6fd350b,37,112915,7376,5,1,Self-Employed,725,Low
c565a9da-22d1-4277-93ce-4e52d2435a4f,63,93134,6729,5,2,Self-Employed,838,Low
8539c64b-b467-4809-a2f9-0d6034866ddc,45,119120,23801,18,2,Self-Employed,774,Low
780b7471-b98c-44f4-9fb8-713cc1fd64d1,54,36281,16490,4,3,Unemployed,822,Low
dcca1dcf-3205-459d-afa2-1b9430686038,31,113373,17894,12,0,Unemployed,736,Low
01813481-a6c6-4b6f-9543-68ebd205d292,63,93663,6582,8,1,Unemployed,790,Low
d3c63e11-b280-4d63-97a4-a9ae5146cf4f,51,44188,24574,1,3,Self-Employed,745,Low
744309c7-3837-420f-be3d-cf4c2f7cd851,50,45945,14783,6,0,Salaried,807,Low
05570d56-0c06-4e14-ac42-5e7cceb2cd10,28,88239,9072,13,1,Self-Employed,812,Low
1184dff3-12fd-42bf-902b-5d568340c11e,34,61145,28360,3,0,Unemployed,721,Low
513c95c4-3a58-4c16-81d5-0b3e45e07633,30,43322,3739,17,2,Salaried,834,Low
3f898ea8-979e-4e27-9c89-59c557976717,48,104360,10428,6,1,Salaried,757,Low
ccfe67b7-e72b-45ef-bcd9-29d4dd9c23f7,28,108207,23538,8,0,Unemployed,819,Low
38cd037d-7da3-4782-ae84-61beb4dac07f,50,114954,24251,20,2,Self-Employed,712,Low
988aae55-11a2-4dcf-94b4-ee550fd82652,27,61566,20665,8,2,Salaried,801,Low
09c72a62-0e96-49c0-b9a6-2deecf83d69f,24,27262,25512,19,3,Self-Employed,802,Low
b002a72a-3cbf-42e9-bbcb-7ba885c7f1e8,43,32972,11673,16,3,Unemployed,770,Low
3232c8d2-0618-499b-b234-78b21c54b611,34,70359,18468,3,3,Self-Employed,848,Low
1144d1bf-9999-4c6b-a4cc-7b8b48b4065e,47,101896,28760,7,2,Self-Employed,760,Low
236598f9-4911-47bb-b2e0-0b4902b18bac,50,93652,27812,12,3,Self-Employed,793,Low
6d6e6b53-378a-4bca-9a36-15023e81e82b,62,31134,10900,17,3,Self-Employed,785,Low
10528a85-8e15-4043-9696-61b16a11cc34,27,44930,22283,2,3,Self-Employed,773,Low
79f6c127-21e9-409e-802b-7f139684cb77,39,111878,12735,11,0,Salaried,764,Low
c38aef28-9269-4e14-bb51-68cfe54d58eb,29,112414,14757,13,1,Unemployed,806,Low
cb382767-9e6b-4383-ae0e-8a697095a2e9,59,95985,13549,16,3,Salaried,815,Low
c4af3c93-1deb-4a61-81d0-87781c39c369,21,50550,17736,8,3,Self-Employed,769,Low
e7d8abae-df14-4091-a8d3-b80e31d2d9cf,49,28656,4884,18,0,Salaried,812,Low
aababb79-c0b8-4ae9-a708-29a3ceaec076,30,56804,20736,3,0,Self-Employed,768,Low
77907d76-b820-4e06-908f-92c017ffea2e,46,107892,7637,20,0,Salaried,782,Low
d8a0471b-cad5-417b-ab7a-6b40de4c4436,34,95159,18937,13,3,Salaried,815,Low
83f5405a-a2b6-422d-9455-81b17394dba0,55,64069,9107,17,3,Salaried,838,Low
e0b41f3b-40a4-4b6c-9cd2-35ce223d4c23,47,60190,4790,12,2,Self-Employed,843,Low
14fd4016-25aa-4c86-85e0-152cf62e9a10,54,107586,25982,9,3,Self-Employed,706,Low
cc5f3847-92c1-4c96-aa39-bd13cd80f1d6,57,57380,20150,19,2,Unemployed,847,Low
0a485847-c97c-4c96-a26e-d33617d43aff,59,113140,16626,13,2,Self-Employed,765,Low
c0a2b848-8cff-4860-ab95-582d9c0059e8,29,70318,20003,19,3,Unemployed,826,Low
322961e4-efa1-4e84-83c7-d71049ce47e2,46,34824,22843,13,1,Unemployed,799,Low
48da47a5-2690-44c1-ba89-5dc9ca7a2ffb,42,108717,25520,6,3,Salaried,833,Low
c88d7afa-de07-484f-a643-95723b74c4d2,37,41387,10535,10,3,Unemployed,790,Low
86e31e9f-86b3-493a-bd25-b8f12ae3ed1e,64,94726,16182,9,0,Salaried,795,Low
487b48d8-725c-47b2-a948-b94e1df576e4,49,35653,11436,14,1,Unemployed,739,Low
0d7bca36-7de3-46c1-98f7-d04ce7062207,25,34230,7529,3,0,Unemployed,773,Low
50cd7aaa-aa6a-463f-811b-4a8711928651,64,90026,5225,15,3,Salaried,846,Low
ee79af0b-a662-4743-b57a-978483ec1e54,33,65502,7894,14,2,Self-Employed,718,Low
fef5e9dc-a942-4aa6-a5d8-e8eecd80c73f,65,56618,13299,16,0,Unemployed,731,Low
4d124190-e551-4a52-b3c7-f44af14b9532,24,27159,21638,12,2,Self-Employed,770,Low
565b66a0-df4c-4fb1-a141-e76bfe9f74b1,34,30666,18012,9,3,Unemployed,803,Low
0e1b1b52-06d9-4a31-87d9-eb5f7141d4c3,44,31124,9578,19,0,Salaried,739,Low
0c8cd081-c94c-4454-b304-2f412dbeda71,46,102982,19548,11,1,Self-Employed,700,Low
a07b86db-6f04-48bd-9a8c-e3516a4d84a6,56,88506,17576,9,3,Self-Employed,754,Low
cfc8b028-037c-4e2b-834e-3e54c2784901,46,54479,5213,5,3,Unemployed,731,Low
a1645576-b647-41cc-a2ff-a525149bb8c6,62,115670,28212,20,2,Self-Employed,757,Low
a878c0ce-1668-4bb7-aa4d-85d6cc182cf1,39,33653,18947,4,0,Salaried,779,Low
9934e269-b35c-47a0-bbd9-0364893020e8,24,85981,24153,8,3,Salaried,752,Low
a9d29966-426a-44a4-9592-e09d032626e1,26,63142,17704,8,3,Self-Employed,827,Low
7c2c4681-fa60-44b3-9c47-26f276c7c71e,54,95246,16350,8,0,Unemployed,810,Low
75a8e079-8b3d-4fdd-8fbb-02fcb7337a89,42,61314,28855,20,2,Self-Employed,705,Low
491c7c75-d094-4692-836f-9e9112010408,49,45465,21735,16,1,Unemployed,845,Low
0b0d6786-a3ed-47c4-a13a-295ee8d753a2,32,31616,16004,2,2,Self-Employed,811,Low
c544f9dc-82e4-4437-a38c-6eb4abb44345,23,67168,21496,5,3,Unemployed,784,Low
8747f0fc-ea68-4c58-a93b-2c9120b124a5,45,64352,28464,6,3,Salaried,744,Low
0a9f8862-b3af-42aa-94d9-52e59bbe7460,49,72339,27192,10,0,Unemployed,812,Low
4e5ee45e-363c-416d-b0e7-a802c861fca8,54,33939,9105,13,3,Salaried,793,Low
e2ebb679-2107-4fce-9c78-616ff3b901d3,23,33061,13177,17,3,Self-Employed,817,Low
2b9719b0-3626-409d-8631-52515d762205,31,53518,5169,5,3,Unemployed,802,Low
d77761d2-86d6-45cc-875c-0cda34391326,58,85714,12854,7,2,Self-Employed,788,Low
c8c9ec10-82e2-4895-b9f2-baec661bf2ab,41,105754,6495,1,2,Unemployed,799,Low
dd5d44bb-d7fd-4931-a7c4-dd94853114e9,33,41263,4421,16,0,Salaried,759,Low
acb0839e-6db8-4fa9-9ba1-7678b416f768,45,61392,24732,8,1,Unemployed,835,Low
1181c787-7bdc-4245-81ee-fa0b9c2dc4f3,24,83071,15863,4,2,Unemployed,773,Low
acac179c-2f54-49ee-8564-c20a07fb2bf1,43,29240,26546,12,3,Self-Employed,769,Low
68d90a5d-9f65-4321-b40e-18b1391bba84,26,43581,27416,19,3,Unemployed,731,Low
f455198c-9034-42ab-9698-c387fe9c404c,22,36752,16680,9,0,Unemployed,725,Low
1dee455a-c5ab-4528-88c5-f212d0dc8570,65,98516,22394,8,2,Unemployed,735,Low
8c03fdaf-e4c9-4e34-bbab-2021de23a8e1,43,42574,9313,18,2,Salaried,769,Low
d29bd325-1e3c-47e2-98b3-6de4c3c54e9d,30,119671,22716,1,2,Self-Employed,723,Low
a5765757-005a-4875-83b1-7438641cef7a,35,40294,24606,9,0,Salaried,765,Low
72d626d0-6609-4ac7-94c4-a8a237ada5cc,62,68087,29443,6,0,Salaried,818,Low
a7f08ce3-d5ae-4b78-a32f-dd9c28add4da,33,100680,8527,4,1,Unemployed,822,Low
0bac6f4b-c09f-417f-97f4-446070dd8f05,48,94953,3816,2,1,Salaried,817,Low
827a5a17-3bc1-4dfa-b822-7eae43fb1e93,55,37983,16442,8,0,Salaried,808,Low
f1d1753b-d7b8-49d6-aa97-06ad0da0d78b,60,84199,17195,5,2,Self-Employed,739,Low
b2b09029-1915-40b6-b7a6-296d5d33ce95,33,58005,15865,6,1,Unemployed,787,Low
9d222d0e-b624-48de-b86e-33c8c4ec35f6,44,87809,25718,3,0,Salaried,837,Low
6a10251c-1dac-408e-8787-746b382a1e52,51,35411,10005,9,0,Salaried,705,Low
d9a02b1c-6867-488b-985e-85e738a733f0,61,102042,22916,11,1,Salaried,773,Low
f839b84d-2164-4c3f-bcfd-c4122de69e0b,27,79932,3855,7,0,Salaried,751,Low
59717427-a3c8-4171-80e7-14ca8b1abeb0,53,82348,21378,10,0,Self-Employed,773,Low
860ff90b-2969-46ac-bb93-ac56a2736e03,34,32150,8178,11,1,Salaried,764,Low
0cf24fd1-054b-40f5-a8f5-2768407f84d5,26,86352,21158,7,1,Salaried,810,Low
7d6e5f7d-c6a7-4afd-a889-747b4103e6a1,45,28329,13712,8,2,Self-Employed,831,Low
e54b5fa2-e387-4d13-a5e9-0b9f851e739f,62,87209,26951,5,0,Self-Employed,761,Low
c177c584-bf26-4353-be8c-06b6eac812c1,22,77493,22531,15,3,Self-Employed,702,Low
baf183dd-6bca-477e-a136-5e5eedb8ebee,40,93581,4110,4,3,Self-Employed,751,Low
974a09e0-9960-496f-a42b-6ed241812bc0,51,68059,8477,8,0,Self-Employed,717,Low
5e55f78d-9607-4e5a-b5cc-2a3e494390d6,43,107501,6047,8,2,Self-Employed,848,Low
857c112f-d5d4-46c9-88ad-c615c037df89,59,95515,25679,8,3,Self-Employed,762,Low
16713848-686a-4a0f-9c0f-03458b25df16,49,115727,14231,15,1,Self-Employed,761,Low
f272e3d9-c929-4edb-886d-33766f32074e,38,58928,28455,2,2,Unemployed,802,Low
fcba23e6-74ab-4689-91c9-a1efee0388f0,57,96390,28994,12,1,Unemployed,737,Low
c2f0203b-5a5b-4653-838a-410b26d5dfbb,27,27302,7611,16,2,Unemployed,761,Low
8e08ffbf-5514-4afe-a0f8-f1d5d6724027,25,69394,26479,20,3,Unemployed,770,Low
791c42d5-a8b8-4714-bb4a-bc5010296e9d,52,89425,11156,6,2,Unemployed,787,Low
40871157-5df0-4958-a4c7-62ad0966e790,53,73945,18715,16,3,Unemployed,779,Low
1b0cb962-d0f3-453c-a733-490af2606b3c,32,36746,15637,10,0,Unemployed,796,Low
7244bb45-ebd4-42e6-b6bb-5efc6a661436,42,77013,3504,5,3,Self-Employed,735,Low
7e85e602-c06a-48d5-a466-378331dcbece,36,106468,22516,6,0,Self-Employed,701,Low
b2d40f44-b7a4-42dd-ad8d-0e1c03da35bf,47,112260,9599,2,0,Unemployed,730,Low
1d677627-eea5-4ea5-8608-307b3e7338f0,53,28138,23682,1,2,Self-Employed,778,Low
7ef60939-696c-4007-aea5-54aff5e5f36a,34,92949,4682,9,2,Salaried,797,Low
0986c32a-81af-4f52-b1d4-8d134f997d5c,30,116561,13050,15,3,Salaried,715,Low
44e80f9a-58f4-4f2a-91e9-147e308bd704,48,68326,28900,17,1,Unemployed,787,Low
f95a9892-c1b6-4849-a341-e260416a48b7,58,26874,6247,3,0,Self-Employed,754,Low
50ee7e1d-dc7c-44d5-bd79-48ac48f32a76,29,93197,21779,4,3,Salaried,792,Low
5a1b1451-b2ca-466b-8c39-41aabd545fde,42,91571,5125,14,0,Salaried,818,Low
7ec0dfd8-64c1-4cc9-96d2-d302bbefeaae,31,60037,23372,19,2,Self-Employed,754,Low
5497aeca-b2c3-41be-86df-bbc83e94f1fc,65,68609,24941,18,0,Self-Employed,797,Low
62c20a16-1b8d-40bf-924c-896571454c18,35,90605,11982,1,0,Salaried,814,Low
5aaf1b92-c40f-472a-b796-c001baf0da1d,37,112135,6403,10,2,Unemployed,850,Low
b0866ae5-73db-4d04-abd6-646945ec7b6e,55,91968,28800,11,0,Salaried,726,Low
6ce23723-e81e-4feb-bdce-6720fa1bcdc6,24,113733,13744,7,2,Unemployed,758,Low
06f2571e-8a5f-4b37-af14-c947f9b4c6fd,65,61087,28961,17,1,Salaried,786,Low
7a516c7b-748c-4dac-95d1-7bfe405ba669,45,111907,20978,5,2,Self-Employed,743,Low
f8232809-2f69-42d2-a22e-2445d0a5f906,40,97247,21439,2,2,Unemployed,710,Low
2396b980-e769-4d49-8e76-ceea9ae25d07,58,86937,8553,8,3,Salaried,813,Low
3437e4b7-979d-40ac-9821-8774b8e48170,60,109119,8945,9,2,Self-Employed,754,Low
918643c7-2148-4e71-9772-f453475a31e8,48,67005,7030,12,3,Unemployed,843,Low
bea93941-805b-4bc3-bf50-91f2468c6dc3,46,104004,21523,2,1,Self-Employed,766,Low
a01650cd-81fc-47ff-8c25-3f165e2cac0c,57,115254,25171,15,2,Unemployed,710,Low
b3e968c7-438d-4b72-ac5f-7a3f8b17c3a4,31,119758,10708,10,1,Unemployed,702,Low
248ddb9f-0773-4c9e-88d6-001b78a9b734,31,37291,22235,19,0,Self-Employed,796,Low
5b58879a-4b05-4a6e-968e-a29bc5593b0b,27,88361,12684,14,2,Unemployed,708,Low
676bb931-e87d-4110-8371-9282e65be6c3,35,106303,18187,2,0,Unemployed,803,Low
83c5049b-21b4-4771-9156-0158fb2b06c7,22,50787,20494,3,2,Salaried,737,Low
0188c298-75eb-42f8-ac77-5a482138ce6d,37,31240,28146,8,2,Self-Employed,786,Low
697cadb8-a9a1-4e8e-a817-9ed41710fc66,64,94348,17217,1,1,Salaried,702,Low
ed7f733b-49ba-42b6-adf2-73e47e4de78b,54,26790,11850,18,0,Self-Employed,807,Low
16e09fb3-c29a-4c3b-a9d9-4e5904dd57ee,51,76218,27319,19,2,Salaried,786,Low
5d56380e-ba55-4278-a30d-247a70e62994,24,89554,15363,4,3,Self-Employed,574,Medium
b7333bf5-05d0-4ccc-ac3b-2f12567c754b,28,102595,12214,3,0,Self-Employed,692,Medium
87c9c04b-cba8-4c07-ba7c-9eb86ff41730,59,114165,13362,20,3,Salaried,583,Medium
15d4b18b-eea8-4b8e-b668-180ddbfb6d2b,65,117909,18495,11,2,Unemployed,635,Medium
36c4b5db-7def-4dd1-adc8-d780f728c1c9,53,75172,19936,19,1,Unemployed,582,Medium
1a60df2f-c0a9-426b-85a1-692a824f850a,59,110563,10353,19,0,Unemployed,661,Medium
7a613e93-0307-49ac-b842-84a176db39df,32,68314,24261,18,2,Unemployed,608,Medium
10db6aa8-7823-4ef6-b25e-e721d2ac1860,26,67375,4675,7,0,Self-Employed,589,Medium
444a5b07-b3b1-4a34-83f6-f53f8d66adf4,22,84128,21387,4,2,Unemployed,661,Medium
97f07aff-3443-44b9-aeeb-c1f8fa938b77,54,113698,26724,7,0,Self-Employed,684,Medium
3e9381ba-2373-4a46-a5b8-6f8db93a15ce,27,51694,5129,7,3,Salaried,632,Medium
93390298-d4d6-4a39-b2d2-cff6f8c31bbf,25,101414,25299,7,1,Salaried,574,Medium
857a1e4f-16d5-4ad0-8a15-153db6d3c501,47,102025,3136,11,2,Self-Employed,664,Medium
a14baf4d-44bb-4863-beab-df08c57a20d3,49,109703,4826,14,0,Self-Employed,690,Medium
71f09a35-d1a4-4ee8-a701-3256eb587ca9,51,80196,28705,12,3,Salaried,595,Medium
644f4fe3-8610-4d5f-a262-343b5f451e79,42,87353,4318,19,2,Self-Employed,623,Medium
d1582801-8b2b-4cd9-bf0d-e5960fbcbda0,64,110837,8470,2,0,Unemployed,642,Medium
8cfc436e-245d-41be-98b1-d43f7b1efdc0,58,88755,21357,18,2,Salaried,598,Medium
8fb6cf81-a1ad-4013-9077-cd3b5717696b,65,44721,14405,8,0,Salaried,633,Medium
7313c0e4-4f6c-4fe2-b74b-bc3164489d8a,57,114583,14041,16,0,Self-Employed,559,Medium
1274fec2-23d2-499b-9035-be0dd98aa86f,49,62248,12139,9,0,Self-Employed,583,Medium
aa6352c5-5ac7-46ef-b9c0-00db97c6da21,31,36514,12112,9,2,Salaried,583,Medium
a5e0942b-ad52-4ba0-96a9-b4c2e90f3cfe,55,36675,6986,9,2,Self-Employed,579,Medium
1c41c9c8-e363-40db-96c7-8b5030357d9f,50,95329,7966,16,1,Salaried,607,Medium
3b24428a-e992-4ca3-82f0-f1784410fd81,25,103314,21708,13,0,Unemployed,621,Medium
f0e711ce-cbac-4cc4-a841-83efa189f283,33,72424,12545,8,2,Unemployed,649,Medium
d9dcecc9-f0dc-4436-8a14-6b8d33222f3b,26,32939,18127,3,2,Unemployed,613,Medium
7ee57965-f7fc-4cf4-943e-e3b188443b81,32,107141,18792,7,0,Salaried,695,Medium
0183ab97-4261-4901-8248-6eee28273fd3,42,110661,28879,15,3,Salaried,623,Medium
92de1c54-cfa6-4577-8ed0-d86e6ddb6855,28,112584,10528,16,0,Unemployed,662,Medium
c9b4c9c5-7e71-49fa-b4d8-e39a30d34e76,45,75102,7649,4,3,Salaried,685,Medium
98e8289e-b7a0-43f8-b849-bd25bdfc5c72,36,55549,29091,5,2,Self-Employed,677,Medium
55c276af-64b3-4425-b21c-7ad4a152c3b7,39,111090,25696,8,3,Self-Employed,641,Medium
cc09fd76-cd5e-4ffa-b5ed-a95427fd0e61,51,62252,5086,12,1,Self-Employed,629,Medium
19ed882a-79b3-400f-9c1d-f955329756ac,35,110221,13411,12,3,Salaried,557,Medium
6cb64c57-6c09-4993-9963-562e89dc4aba,30,111190,22449,4,2,Self-Employed,569,Medium
7778f9ee-de75-4218-aa6f-c46486c1bdc7,60,37667,5528,10,0,Self-Employed,686,Medium
f8d51349-4a0a-4da0-8950-47c71fd1ae93,27,33017,25450,19,1,Self-Employed,616,Medium
3938a371-f742-40fb-98cb-eea791d2c2e3,29,25842,16145,3,3,Unemployed,688,Medium
4a33a259-0b16-478a-b61d-07b660dd6a8e,25,69048,5218,5,1,Salaried,603,Medium
52224729-fb38-4c32-a0cb-a9afe909c89a,39,99225,5581,9,3,Unemployed,568,Medium
5cb51e81-a011-443b-a2e9-d053d96e7218,45,82011,4318,19,3,Unemployed,629,Medium
95609e88-f8d6-4538-af20-162f96e59aeb,23,83813,5976,12,0,Salaried,597,Medium
004db853-7300-4077-a8d7-7dd8aea268f4,43,28563,21892,12,1,Salaried,679,Medium
8360ff17-eba6-4afc-ac5f-3159089942ab,54,35307,17390,20,1,Self-Employed,698,Medium
5d28deb9-c85f-410a-a816-24d798df9383,33,114374,20858,14,0,Salaried,556,Medium
b0bef54e-2647-4ae6-9eeb-a0e5fd63217a,25,44471,25288,15,3,Unemployed,696,Medium
bebb0a3a-b9f3-4c3d-ad40-775f481cffb7,59,29399,14733,1,2,Salaried,604,Medium
a3148886-3990-432a-97fc-8657a440aeca,33,87626,27131,19,0,Salaried,657,Medium
44fecebc-6537-429e-912f-ff6f1f7cd8e9,30,54348,13916,6,0,Unemployed,599,Medium
1508ec42-2ab7-457e-8ef3-01afaf04278c,33,56197,20424,3,1,Unemployed,550,Medium
88d8c878-3787-4374-82c2-b52afb546338,61,99586,19738,11,1,Salaried,603,Medium
69f4edbf-77ae-4c39-a522-03bd921e1925,63,65344,14046,3,0,Self-Employed,685,Medium
b04562d0-aa5b-4bdf-9155-0c269b97df9c,32,34986,22861,4,0,Self-Employed,674,Medium
4641e7f1-6bb2-42ad-a264-bd739cd96231,51,97746,24288,8,1,Salaried,568,Medium
c691d39b-0dba-4c83-bfdb-33be4d1f1cad,24,86046,29805,18,1,Unemployed,556,Medium
65debbc8-4d35-41b7-a766-0820601f7742,55,104522,20864,14,2,Salaried,605,Medium
057de436-b459-425a-98df-e86c5855fbc7,31,98305,23884,17,2,Unemployed,627,Medium
1f85fcd0-d0df-47a3-94bb-086c21a81d54,58,68574,10825,13,2,Self-Employed,583,Medium
59063043-5014-411a-bf48-d506470616c0,38,81335,19186,12,1,Self-Employed,618,Medium
66697472-6686-44dd-bc0a-062d16163f56,53,39995,12574,2,0,Self-Employed,620,Medium
8c45ac27-183f-4d7e-849b-40a4d05f00d0,56,97172,28526,13,2,Self-Employed,594,Medium
50c6452d-477a-4d41-bff5-594c134b3989,44,70032,20389,5,1,Self-Employed,560,Medium
9ac9e893-a806-4a3a-8575-e1e3ec899390,57,38409,22336,18,0,Unemployed,639,Medium
1711c833-af49-45ce-9d7b-f4054f5c2ac6,22,36276,23922,20,2,Salaried,638,Medium
040caf7f-ce91-4e8f-ac06-eb2db4caf537,65,107347,21043,11,0,Self-Employed,601,Medium
5674d80e-fbed-4f51-b8f5-c3a08094ddd6,63,118128,14222,16,3,Salaried,682,Medium
169bef41-6ea4-4511-b323-440c4018787f,32,72637,25446,19,0,Unemployed,642,Medium
c4f475d1-8b51-4508-b5b2-57bafa132c09,47,115633,28510,12,3,Self-Employed,693,Medium
56e6e0e4-adb3-44da-ac8a-1489bc4385f1,58,84402,24006,14,1,Salaried,638,Medium
cb6136aa-daf3-47c4-bdcd-a28a9f8315b2,39,71969,18015,11,3,Salaried,640,Medium
f1bec73e-f37b-4cb7-b293-e236dc778c83,22,29173,16184,18,2,Self-Employed,639,Medium
eaa9e53a-80b7-4b1e-a007-26704a4dbe53,50,113749,19486,7,0,Salaried,633,Medium
3d095c56-abe4-4075-ba2a-9ea2cb9e8c4a,46,108574,12100,14,0,Self-Employed,556,Medium
29cbfafb-bd81-4209-acf2-035d877b858f,63,94065,19282,13,3,Unemployed,555,Medium
2794fa5a-cccf-457c-92d3-827c13d868d1,32,113036,9291,10,0,Unemployed,560,Medium
8fb53110-52db-4bc3-a97f-c6458ae20683,38,45293,8981,19,2,Self-Employed,645,Medium
2f3daf8c-5f57-4027-bad8-3c77345133de,54,41929,25012,13,2,Self-Employed,622,Medium
705612d5-c41c-4bb3-9039-22524c868d6b,36,110840,16216,8,3,Unemployed,649,Medium
a9bcb1a8-2e98-4753-a7d0-4e318b82c715,62,81454,10174,1,0,Self-Employed,686,Medium
78364546-a998-4718-bb75-160c5985cebb,64,116715,3122,13,0,Unemployed,603,Medium
1134b9c6-a326-4d6f-a87d-b8a0aec9449f,51,113678,3011,4,1,Salaried,597,Medium
58350bad-e3f3-4c6a-be1c-3707dfbb4c11,41,33450,3359,20,1,Unemployed,689,Medium
fa84f6a0-1ecc-494f-8b24-90c878a64591,56,50944,14559,18,3,Self-Employed,655,Medium
9df4afc5-4b6a-42e4-b76f-a8c352e6ef9e,28,40220,3473,17,0,Salaried,617,Medium
c5440781-8553-42bc-9768-180ad6180574,21,85543,13893,4,3,Unemployed,568,Medium
07f3b930-35db-41df-940e-03741c173d83,52,116890,17938,9,3,Salaried,679,Medium
9f4cefac-7d97-41cb-aa64-54323f61fb31,26,68422,20374,6,2,Unemployed,552,Medium
97da6466-2782-40e8-b5e5-3f5565a68caa,27,48201,7004,13,1,Unemployed,674,Medium
a7857bfd-5489-4fd2-9d5c-848f61e6a154,42,88734,13401,12,3,Unemployed,627,Medium
48591c52-0a93-4544-ab64-e7b08d562db3,47,52580,29065,16,2,Unemployed,599,Medium
15bce178-082e-4d36-888f-18d069bec8a6,62,100646,13491,20,0,Salaried,625,Medium
d2b23053-77c2-4d66-966b-dbe8f8bd8f4b,21,37652,11139,12,2,Self-Employed,693,Medium
602b9564-84bd-4391-94ab-fa3ef6b351c9,22,93595,25350,4,1,Salaried,556,Medium
a239ca29-6e7b-42a2-b3d9-3aeb9110f92d,35,29881,26333,17,2,Salaried,556,Medium
c92e795b-e219-4b07-97b5-bcc17e6d6c28,24,41582,28991,17,0,Unemployed,603,Medium
ca319370-3a66-4e6d-a46d-007d4e45438d,31,83480,6598,13,0,Self-Employed,622,Medium
8a8af97c-df68-4e94-afcf-1f89bae4ec5d,42,110803,4338,1,1,Self-Employed,554,Medium
25b713dd-6eed-4730-ab7f-351deaf55984,44,37932,24095,4,0,Unemployed,632,Medium
8569e537-ca7e-439d-ac6c-3dabb42fc3ba,37,97652,16436,13,0,Self-Employed,633,Medium
d430bbe8-0c06-4498-8697-cae2d009f597,47,27689,8231,1,2,Unemployed,675,Medium
e7c36309-7f9c-4250-a982-1618db5ca7b3,37,49103,11172,4,3,Self-Employed,588,Medium
101ee16a-6ed6-4ae4-ab89-09b6b7eb9a25,26,113474,19309,13,1,Unemployed,679,Medium
528e99fc-04c4-46cb-a82d-e7c8d09e04f9,27,80129,6338,20,1,Self-Employed,660,Medium
359c647e-10e9-4265-9fcc-31b46c4131e9,31,59102,18564,16,1,Unemployed,694,Medium
19c95e9f-46a4-4106-b59f-5da78f5b21ac,45,98217,20868,3,2,Self-Employed,645,Medium
b116e17f-5e06-4faa-a807-840239aa7423,61,43191,19511,6,3,Unemployed,627,Medium
c0370e92-6a7f-4472-a244-e4a85c0c0238,59,34307,21282,9,1,Unemployed,557,Medium
b3812c28-2d70-45f9-832f-992b48695e48,45,103458,18643,14,0,Unemployed,588,Medium
d667c9f4-5536-4aeb-92ce-2ab3dfe28ddb,61,43245,26500,20,2,Salaried,696,Medium
25c13461-3683-4e35-a30f-442fddf0bd67,41,95572,22501,11,0,Unemployed,572,Medium
0cdcbc6f-9938-40aa-ac83-807cad5dd2ca,33,65318,23817,15,1,Self-Employed,641,Medium
15fca152-d9a2-45cf-98e3-6f6d7290cbc0,59,63242,14851,18,3,Self-Employed,617,Medium
a89c164a-b109-4034-b50d-8db992b3aa87,41,33895,21902,3,2,Unemployed,562,Medium
a0230f32-92a3-4ac4-96ad-b334fb52a3e6,31,73198,29189,14,3,Self-Employed,627,Medium
cf012b31-f4bb-4fa8-a958-3d4ef4d7b73e,22,119504,27036,8,3,Self-Employed,617,Medium
1bc294fb-70a7-4314-9509-dff6c1609899,39,82358,28576,3,3,Unemployed,639,Medium
b7631b3e-1e46-4e5f-8155-90ed29086e22,44,58218,4026,2,3,Self-Employed,659,Medium
cb71c012-2481-4227-895a-592a6e7041f8,56,113335,22354,6,2,Unemployed,577,Medium
9060631a-37ab-409e-b8fd-4049d08b568f,64,71762,7420,20,0,Self-Employed,586,Medium
cf43cd54-cb6b-49bc-a9d4-78cb40ec6b57,21,75740,3618,2,1,Salaried,677,Medium
d637b8e6-0b0f-4e05-819c-727ff1c0fae3,62,57219,5229,13,0,Unemployed,669,Medium
4fe269f2-91e5-43ba-8909-40763e176208,61,53323,8647,1,2,Unemployed,578,Medium
b1bc4922-b683-46ad-bbd4-301a3fcc5551,39,117964,15111,16,3,Unemployed,584,Medium
5c8cdf86-b653-4822-9ea1-2d89d48ea336,26,30897,5619,14,3,Salaried,593,Medium
238890be-4060-4df0-a509-f3e6f8ed3d39,37,110426,17424,6,2,Self-Employed,632,Medium
f265f7f4-072a-4c53-a224-15a941276a78,43,103330,27056,4,0,Self-Employed,679,Medium
3401c643-40b4-4902-bf88-839a7fcd306c,59,109581,15760,4,1,Self-Employed,560,Medium
78c86835-4489-4001-b2f3-358d74e59eae,52,33097,5606,8,2,Salaried,683,Medium
7deb208c-5c04-4fc3-b47d-d3746e2b5e4c,51,51938,9382,13,1,Self-Employed,583,Medium
8d00254a-0a5d-4a9d-9286-0672b5f33604,23,97948,8987,18,3,Unemployed,610,Medium
034ada20-ae79-4fa6-aeb5-534ba19ad1c3,37,41139,20889,11,0,Self-Employed,596,Medium
20e696c0-aa83-4980-b3cd-203c8fc75177,46,105609,8194,3,3,Unemployed,578,Medium
fdec5b25-777b-4e22-bca8-afbec6024618,28,51755,4064,13,3,Salaried,641,Medium
8f5c2f35-ea43-49c3-b83b-00ff7bdf1339,61,107265,6184,10,0,Salaried,597,Medium
815284dc-d83f-48df-8f4b-897ce92e9d0d,59,107593,29340,7,0,Salaried,693,Medium
ba1dd690-48fc-438a-ba71-8d09ece75eff,55,85190,13089,7,1,Unemployed,685,Medium
9be1d94b-0772-4bdf-b059-33e501b44e55,41,86488,9184,1,0,Unemployed,589,Medium
a86d111d-94d7-410f-94fb-0d8341615d41,59,67322,9138,6,1,Self-Employed,591,Medium
215c61d5-d4b8-4248-95d8-2cf31ff3d33e,34,67555,16194,16,2,Unemployed,620,Medium
9515245e-dee9-48ed-be0a-74d9134fd769,33,54654,18404,4,3,Unemployed,602,Medium
37253183-ada0-4572-82d7-49a928d78c8b,61,37749,27379,2,1,Unemployed,661,Medium
ddbc6e19-2253-42d5-8b9a-31de42cf08d5,51,109334,4129,18,3,Salaried,653,Medium
e206b89d-dbb7-409f-bf8f-69ca133d3a56,45,55328,19532,6,0,Salaried,576,Medium
aee54115-37a2-4991-b3c1-c0b6d7120099,31,39741,22538,5,2,Salaried,554,Medium
5d3d9fac-2f66-4d59-97f8-098a72a5299d,58,30182,9403,2,1,Unemployed,675,Medium
3c4353d2-b38a-4ad2-a0d7-1f504edaaac9,24,109145,15289,8,1,Salaried,642,Medium
1079f828-4bb6-442b-bfb0-2dcccac6463b,63,62946,12006,10,0,Unemployed,683,Medium
4a8cc138-2e04-4dbd-9812-c9e1ea2ccc43,21,54517,14441,12,3,Unemployed,565,Medium
4049c8ca-72dd-4655-9402-1c2b9984c7f2,52,26401,26842,13,3,Self-Employed,576,Medium
3c82a662-5c30-4049-b350-8ca0b5c77e05,22,102627,28522,1,3,Salaried,627,Medium
f2f4d155-9140-4e52-84b4-2c082c807704,49,110729,8686,14,1,Unemployed,571,Medium
56260aa9-f811-4838-a8ca-1ec28312e9a7,23,82289,6911,9,2,Self-Employed,555,Medium
6d9586af-d0cc-4072-af15-f216192a4619,61,75705,8790,8,2,Self-Employed,571,Medium
802e8e18-dd1c-460c-8a7b-153889183f83,52,103037,5747,15,2,Salaried,576,Medium
44e196d8-ce68-4033-a547-ca920b3c24f4,49,115822,8822,15,3,Self-Employed,552,Medium
bd98dd30-1685-4af4-a8e4-53c326cdfe38,48,71725,9197,17,2,Self-Employed,664,Medium
c3e37bdf-45c0-4bea-b857-51130dc490a4,46,102610,24415,1,2,Salaried,699,Medium
2b3ccd46-9337-4d4d-a2bd-c64206f0b7d8,51,99984,16957,20,0,Salaried,611,Medium
c95cff57-876e-4da3-8a91-49077c587a62,64,43212,13381,9,1,Self-Employed,643,Medium
3ca028fc-b4f1-461d-8a3e-715a84771fea,44,41756,7863,7,1,Unemployed,596,Medium
c8a4c02d-89aa-4a32-bc3b-aa0e402c9519,27,52701,20214,6,0,Self-Employed,619,Medium
81e60574-dbea-4c00-ac98-5a5aa1915d1d,26,56244,23298,18,2,Salaried,564,Medium
6040ec6d-636a-428e-b7a2-bb1d3ef9dfe4,54,77390,9781,8,2,Salaried,580,Medium
a9f32d29-d9b3-487e-b58d-c6e4e4da20be,51,66606,29858,12,0,Unemployed,659,Medium
95f5e78a-79d2-4d9c-b9c5-1255ec0e9e2c,56,81573,6661,18,0,Unemployed,628,Medium
6a6825d5-17ac-4cc7-ad5d-e3aa36cde1af,52,85197,13445,15,3,Unemployed,568,Medium
5129600c-af4c-4e67-a70e-89677f85f88b,45,25082,26344,15,0,Salaried,615,Medium
086aa03d-1623-4e72-977c-87822eae4388,37,62328,7927,18,0,Salaried,654,Medium
32b3873e-7f23-4bc5-90a5-6e58ff2909db,44,93708,25095,7,1,Salaried,627,Medium
46870789-5d11-44bd-b7e6-df85f309a68c,53,66422,22543,5,0,Self-Employed,574,Medium
fe6e4b27-270b-4bf6-b9f9-1b3087357d87,39,119726,15724,3,1,Salaried,641,Medium
4aeeeb46-24ba-4728-8201-9905f891021f,24,26347,4573,2,3,Salaried,643,Medium
48cb0659-f405-4bea-ae50-c79b45bca604,56,71618,3631,6,0,Unemployed,598,Medium
e477ebd5-6342-4c77-867d-afe8bf2f41ca,50,74609,24777,8,2,Salaried,597,Medium
0573e2c2-7340-4a2f-aedc-a7948f6683fe,60,93157,20766,12,1,Salaried,643,Medium
f3039920-addb-44ef-afa7-067be5a58e06,40,87292,4354,3,1,Salaried,575,Medium
12469933-1d17-45a7-85a9-7d9ec1326097,53,26528,12151,16,1,Self-Employed,621,Medium
04af90f2-f6b7-4838-9051-0e28362e50df,25,57720,29866,20,2,Self-Employed,676,Medium
3e7cc456-e6de-41c3-b2a4-775e104bee20,28,91443,29090,3,3,Unemployed,609,Medium
c0de1b51-ea84-401a-9b5f-6b9bc5933cd3,63,33401,12482,15,3,Salaried,693,Medium
7edfcda7-7f8d-41c4-a003-e753db66a474,33,71980,10635,5,2,Salaried,574,Medium
838b2532-1a70-49c3-82e5-4ab5e59d360f,64,97439,19169,3,0,Salaried,555,Medium
5b6e6c6d-4a38-4091-87e8-e7ea2aa9f24f,51,59684,28939,13,1,Unemployed,626,Medium
5877a857-1bee-4cc1-803e-64be7400f65d,58,37179,27279,14,0,Salaried,596,Medium
10185d95-471c-48e4-8680-13b89d5a51f7,63,81490,20173,19,2,Unemployed,662,Medium
8c58ce2c-742c-4593-b6f7-dfe5e48e6350,39,92659,28528,16,0,Salaried,613,Medium
82b04ed1-d2be-4f3e-be00-c6d85b338798,31,44150,22804,9,3,Salaried,656,Medium
32a3b485-3a87-4882-8f66-2042addecdd2,22,73037,23517,2,2,Unemployed,585,Medium
0001fd2d-9820-4c45-9526-7eae5621fad5,64,117503,3976,17,3,Self-Employed,694,Medium
93b42140-9aa0-4ae7-bc58-739c499cfbed,22,118782,19675,1,1,Salaried,663,Medium
0240d4f0-b51a-439d-905d-7444e9d9a7f0,23,78610,15052,5,2,Salaried,592,Medium
5b306d6e-3aa4-48ac-b581-036d0fdf13dc,64,111694,25718,15,1,Self-Employed,618,Medium
b7ddc391-fd28-4972-9ed0-03bd8f154442,32,26567,4265,2,0,Self-Employed,699,Medium
76695262-0be5-4fd3-9487-3f86ef349c52,27,26361,10676,1,3,Unemployed,680,Medium
79117c59-3cf2-4ea6-99cc-33f1956d107a,28,119689,19369,17,1,Salaried,659,Medium
e514d4eb-422d-473f-bf12-4aeaf4d40bca,29,79655,24365,6,3,Self-Employed,689,Medium
a2416937-4d6a-462a-b829-dfbdb5a990b0,26,84728,19104,3,1,Salaried,683,Medium
fd7b5840-d875-47ce-9282-ec5e5a81a19c,52,91144,3102,17,1,Self-Employed,590,Medium
e924467b-4c00-4d4d-b3ad-33dd52846c52,64,39361,13994,13,0,Self-Employed,680,Medium
5963db6b-ad9b-4990-92bf-835712eb42a7,40,85728,13355,18,0,Unemployed,506,High
3d61512b-1d43-44cc-b6db-223f23a3083d,31,55142,27773,16,1,Self-Employed,503,High
fcbb8b23-3ff5-45d8-b8ec-76c8cae334bc,42,50584,16023,17,3,Salaried,374,High
1631fdaa-6975-4791-ad50-bbdd0915d01d,43,93227,12484,7,1,Self-Employed,447,High
87dfca95-135f-4020-8aaf-e53dfe83506b,29,42247,5287,17,0,Self-Employed,529,High
e1d3d625-a20e-447f-a23b-5af441b78e02,52,74485,12161,13,2,Unemployed,539,High
34107596-d1c0-4a58-a4db-bf4d2223d768,45,97558,4093,16,2,Unemployed,478,High
7a3e675b-c6ee-4f86-9f98-567300e05b6d,51,116508,8555,18,2,Unemployed,434,High
6058ca25-47d0-4ecb-b75d-5b6420c8a54d,37,34943,11393,3,3,Unemployed,437,High
0cfd30bf-2dc5-4b77-ad17-66c071d22f16,21,37115,15679,15,2,Unemployed,318,High
0682af91-7590-42f5-995b-c9a53b11eb04,39,62034,13706,13,2,Self-Employed,446,High
412c8b0b-08fd-4a90-82dc-b243e50fe24a,45,96546,8573,15,0,Salaried,515,High
c406e22b-75b2-4d12-903c-dcfcc1c39fbd,45,116958,4048,16,0,Salaried,485,High
812319a5-43f7-422b-b743-f71d75407d3c,61,100167,14763,5,1,Salaried,356,High
cd2a4c9f-978d-438c-b5eb-ada316f32da3,51,81794,19957,17,0,Self-Employed,521,High
4344ff8a-42bf-4e55-86c7-a099b15fe531,36,81733,17550,11,0,Unemployed,482,High
61abb2d9-38a9-4cf8-8f4e-c362135d250f,53,41511,22844,1,0,Unemployed,433,High
2630cf03-8e2f-430f-972a-9ba995995a5d,26,89366,28721,9,0,Self-Employed,494,High
63676444-6a31-4f6c-8b5e-11ad36939c78,53,66584,29225,5,2,Unemployed,338,High
25e6a71d-3d98-4379-b406-277424c0c32c,26,81152,6244,14,3,Unemployed,514,High
e9a337de-2e2c-41ec-b2de-b382522f5344,24,31874,12863,7,0,Unemployed,327,High
8fac3ab4-ab63-437c-8790-1aa73af38f47,29,112933,9324,19,0,Salaried,358,High
21cda52e-bc19-42e6-abd1-968bfc309327,57,85106,5909,13,3,Self-Employed,321,High
74be1e15-4d77-4fa8-9702-bae4edb529eb,58,34630,19510,9,0,Salaried,437,High
02fb1f16-7615-4711-ae69-2580c0e78ee4,35,91969,13852,6,2,Salaried,543,High
a9eeff3a-7f04-4e88-8a19-59f5eebf9e5c,23,118756,4781,13,2,Salaried,536,High
9837c9c4-e6d9-4806-aacc-c8fea4fce7d8,49,35985,27082,19,0,Salaried,329,High
8a748e42-f5b8-457c-aaa0-cd05bfaff6bf,61,56967,19111,12,1,Self-Employed,313,High
a5e76895-9f04-4b7f-9267-fa43863b0a9c,23,118607,16960,3,1,Unemployed,327,High
20ccf2c1-1a4d-4ef0-9989-0db2f916438c,55,42463,12940,2,0,Salaried,464,High
b9dc9671-0193-4ee4-87e9-2620f292f8d1,45,87226,28091,14,2,Salaried,338,High
a62ff7eb-720e-463c-8426-b2931523e2e8,46,52724,16942,7,3,Salaried,312,High
dd2a93fd-eeb8-47a9-a697-34c43f07040a,27,35952,6977,10,0,Unemployed,433,High
8a5b78ad-e022-4947-889a-a70d4df551fd,50,31036,23856,7,3,Self-Employed,500,High
8a45e2fa-41f8-4821-ac3a-568ef5b6daf1,34,103530,22605,18,1,Salaried,315,High
8228fe8f-435a-42d2-8c4e-04b6fa72cf5e,25,29421,12723,5,2,Salaried,533,High
6bdfc66d-ab18-4726-b027-5e7d7caada54,47,78558,20727,7,0,Salaried,371,High
7118e75b-57e9-4fd4-8455-1cf342a06bf8,56,66470,9680,5,2,Salaried,395,High
69187303-85d7-422b-8468-03899902e11e,29,56958,22636,6,0,Self-Employed,456,High
4d5d5da7-37f0-4d4b-bbf6-36d63c86697d,37,85874,15569,17,0,Self-Employed,343,High
d6b092c6-016e-455e-bfbe-494ad1a362ea,26,99673,25486,20,2,Salaried,490,High
b260a44f-77fb-461e-a81c-0bbfd05f559e,31,61651,4409,14,2,Self-Employed,342,High
294bb865-f723-4e27-a4c6-d833a1d84322,25,88997,16325,11,2,Salaried,364,High
c2442a6c-3301-4951-8089-59da64fe0c2f,43,119109,14051,10,3,Unemployed,400,High
05232dc2-abbb-4f8b-a992-fae55b46c6cc,24,118799,26331,8,0,Unemployed,386,High
54f5f832-77b3-4e0a-96e2-87eb267bb218,43,114094,28573,18,3,Salaried,342,High
62495ef4-4053-4a82-b700-26680f91b946,63,48825,9203,1,1,Self-Employed,435,High
bf956650-a6d6-451f-90d1-128ea603429a,62,80523,7076,7,0,Self-Employed,426,High
845bc708-552e-4911-9a8b-0a3f15f5303c,59,82015,20150,3,2,Unemployed,402,High
c5384693-dddb-46b2-805a-b905066061ba,25,28910,5142,9,2,Salaried,365,High
9d7688dd-0be8-4342-9224-609fadb1a1e3,22,31454,6033,6,3,Self-Employed,408,High
6e1092d5-0619-41e4-908b-cec1daf53d99,38,108611,23952,4,0,Self-Employed,420,High
904b9c43-724b-4920-9ff7-b442e5773cc3,35,88587,20034,6,2,Salaried,309,High
8fc0e39d-eec8-4c6d-b299-90c652faf9ee,47,68888,12331,11,0,Unemployed,424,High
cf89b3d3-ac1d-4985-a142-26dfc284ad2d,30,75633,16179,2,1,Self-Employed,333,High
c9284549-7799-4a89-8c51-20b20a149df0,58,94595,28808,13,0,Salaried,504,High
a39fd329-24d8-47dc-af36-464fc0f212cb,45,109551,25813,20,3,Salaried,532,High
8c43dbf6-ece9-4c63-a9ba-ed0ed7a0b35d,34,45227,13153,14,1,Self-Employed,437,High
ee401e24-2ae4-4fd0-b48a-1117a165af1f,39,40331,14149,5,1,Salaried,411,High
58087df4-26a7-49d0-ad62-d79b4c9db424,56,70187,7704,4,2,Unemployed,504,High
cdc79c4f-f8aa-430d-919b-91199eddfab1,26,28438,28135,13,3,Unemployed,364,High
eea93665-859d-4a8b-ba8b-f3a17fa21ee0,62,39086,15392,19,1,Unemployed,443,High
3f1bfe17-22cb-45c6-99a7-ccad70130306,61,25095,11188,14,1,Unemployed,399,High
6a789c01-68b4-4c33-a71a-af15b3c81d4f,64,96167,26110,18,1,Unemployed,331,High
84855841-249b-400a-a74f-11b89e840eb0,52,88793,14662,9,2,Unemployed,512,High
c679d177-1c0e-4aab-8412-0088cdb2b162,54,26980,24050,19,2,Salaried,496,High
31a9cb6a-67ea-423a-aeed-9cf4df0431b8,60,61624,5248,14,0,Self-Employed,439,High
5471589c-1986-4292-bf5f-b85e031cde72,44,63331,27782,10,3,Self-Employed,451,High
6f8c8b1f-7ab1-4676-b433-4b5889d70936,52,113030,8769,13,1,Salaried,489,High
59e976fc-4b24-43b5-beed-14585016729b,31,113293,22094,13,0,Salaried,407,High
e7793400-8819-45a9-ac15-55b9c8a1c379,40,38317,10234,14,2,Self-Employed,343,High
986d02e9-7d5b-43e7-88e0-84e51fc006d6,61,57885,5555,6,0,Salaried,320,High
2461b85d-56a4-447c-aaa4-5cbefe5f5408,30,92171,15508,17,3,Self-Employed,320,High
856ae2c4-8f9a-4cd4-96da-9e9827a465eb,35,60764,19078,5,0,Unemployed,488,High
a742e3e9-13bc-4520-be57-6b5e3ad49583,39,46289,15807,18,3,Salaried,470,High
cc325c6e-7acf-48ce-a660-a1bf89fb0cc3,49,27836,5109,17,3,Self-Employed,379,High
be603c28-68e9-40c8-9b50-e6903e3059c5,25,32470,27153,16,3,Salaried,415,High
1185b908-6b96-41ce-9d23-81e82dd2ce34,41,43452,21337,19,0,Self-Employed,443,High
a1a1ec7c-5505-40cb-b2af-1b3f14c15801,28,31589,4585,18,0,Self-Employed,544,High
a4bbeaa4-64a5-49a1-905c-4107fb669450,35,29034,28365,17,3,Salaried,305,High
d2aed587-3f5e-4140-b8ca-b2c7baf38abb,55,100624,15616,19,0,Self-Employed,320,High
7181e6ee-3b93-43f3-af8d-7dd9fb762e40,61,88996,14714,13,0,Self-Employed,518,High
8eccb933-4f02-4a8d-9d44-82437ce4b3bc,43,63484,15977,2,1,Salaried,329,High
8be2a4d9-63ef-46ef-b868-83b6ff7b535f,58,55521,15568,8,3,Salaried,371,High
f99e6a9a-39f2-498d-abdc-928f0186ed08,60,31721,3720,13,1,Unemployed,531,High
d2536070-45ff-4863-a837-d05c06ccf4d0,34,33756,11901,20,2,Self-Employed,420,High
f7406e5a-7f69-4c7e-ba80-94a56ae4a91a,40,96800,27111,4,2,Salaried,368,High
79dff0b5-aa7c-4ccb-a282-3fe66b1fad37,52,118229,10307,1,1,Self-Employed,528,High
a4883eb3-1833-420a-a269-db581a23724c,59,114043,17367,2,3,Self-Employed,381,High
ad8b4773-8ad4-423f-afc2-3f3b5a8e7831,51,118388,15937,11,2,Salaried,309,High
ceb97653-bec6-4f80-93c2-a87188d57167,63,100592,9774,12,0,Unemployed,347,High
3f50c466-43ed-44cd-badf-37bb857bd01f,48,108870,28285,13,0,Unemployed,516,High
787206bf-1b08-41a7-937f-49ba49773c1f,63,109598,3050,10,0,Salaried,346,High
10b7da9c-4dc9-48f1-bc2d-3e2a3edf0392,55,81726,17765,16,2,Salaried,357,High
16c68e81-c2e5-4f28-948e-0184c38541aa,44,41786,7636,5,3,Unemployed,440,High
f293c078-3f07-40b6-9d4f-fd8712bcf1eb,57,26841,3430,9,2,Salaried,548,High
70897e7c-61c2-45fe-8180-808448700ee1,62,97262,14189,3,3,Unemployed,516,High
63cf9fa4-77ba-4b43-8935-b2dfc3e198fd,42,70978,25536,3,1,Unemployed,475,High
36b5ed5e-5b57-4405-a661-2b287a3b3392,56,25533,16379,19,3,Unemployed,381,High
46e8529b-1766-41e0-a4de-6f5f69194e98,43,114199,17890,1,3,Salaried,395,High
e4896460-9fe1-4c92-89c7-7bd67e6739cf,33,115457,16308,6,3,Self-Employed,403,High
916be003-645f-4954-93c0-b4326aeafb65,65,59352,18597,1,3,Unemployed,325,High
70ba30d9-5671-4288-a1d0-ad3c3915a729,40,66775,8643,14,0,Unemployed,364,High
cf959c40-1a1d-4e5e-9e2c-7879054e0b14,42,85132,23567,1,3,Salaried,545,High
67166864-e16d-4731-97e8-0f2aa0257980,29,38336,17048,3,2,Salaried,340,High
46e0010b-d152-4b63-8a18-1e8d2c362b03,60,49451,3625,7,3,Self-Employed,321,High
b0cf4c92-55d8-45ac-ab2c-9e6850051e31,54,37443,27097,5,0,Unemployed,348,High
bbe50452-b10c-45ad-bf71-1bf0e246541f,54,41823,22807,3,1,Salaried,324,High
2bb1b0b7-d78e-4880-a82f-04de2b1c9bd9,24,48110,25880,8,2,Unemployed,429,High
041de4b7-c082-491e-8316-5199f9e7f093,36,116015,23666,4,3,Unemployed,537,High
77f2f0cb-20e8-479b-8fa4-e74928de74a5,47,54100,10782,16,2,Salaried,498,High
f446eeef-2612-4771-a5e3-5464a878a64c,49,94298,6576,18,3,Unemployed,461,High
2a6e8333-e05f-4be7-b72a-db1deb69f4d3,47,77987,3370,15,1,Unemployed,398,High
ae96ed15-3f17-4181-9bb4-24a5185eed0e,28,87530,18947,6,3,Self-Employed,401,High
2dbc7867-051f-403d-94c7-2966b08e8220,60,44666,14292,1,0,Self-Employed,432,High
6b3d7da1-46e9-44b2-b930-67c4b645edef,64,68429,17896,17,1,Self-Employed,445,High
b09a9dc3-719a-470f-ab28-f5e992b31f0c,22,36699,22875,6,0,Self-Employed,319,High
e4606db9-1014-41c5-b07b-143c95b352ea,44,27821,7062,10,2,Unemployed,407,High
3550f616-68fa-4780-9941-17d36fc363fd,36,41552,16821,12,1,Self-Employed,501,High
9c2ca81b-6431-421c-9506-9faeed1483ba,47,117023,16719,12,1,Salaried,446,High
33346947-4c3c-4e71-9219-4f6b21077c87,25,96698,13648,8,3,Self-Employed,508,High
cb92496f-17a2-45ff-9520-79cde0d4bd67,37,43746,12545,20,0,Self-Employed,540,High
7533faed-b3ca-4f64-a515-78877fa0f6f1,21,92799,7125,5,0,Self-Employed,339,High
3e22f5c2-2fcf-4fa3-9ae2-8eba200c3f17,44,86329,11404,20,0,Self-Employed,327,High
9af3d239-ec64-4711-95c8-b7f366ef3388,23,35519,15386,6,0,Unemployed,517,High
2c1c3a5c-5118-49e3-a55b-a805604c6322,44,79996,29317,10,2,Salaried,507,High
3a2de07a-740d-445e-bb25-9caca4ae6084,39,118973,10372,12,2,Self-Employed,498,High
b94469d3-f94c-44aa-9ea6-fc77cbc75d3b,65,42569,3574,9,1,Self-Employed,380,High
b7564809-a0b5-4888-84fd-02ff87a72f09,31,94226,22805,3,2,Salaried,355,High
b7017000-57ce-4624-b7c6-460b6d74d59a,44,74197,10299,3,2,Unemployed,520,High
e9f3c0a1-4f55-4e97-aa78-682ae9984e48,65,71480,6352,7,0,Unemployed,466,High
943761cd-6c5f-4d4e-ad2c-2e041b4a6749,23,115359,10323,10,2,Self-Employed,351,High
5bdf0993-dc8e-4182-a6e5-85ba47cb97a3,40,110704,24592,20,3,Unemployed,456,High
2d91bebc-d5ee-4489-a748-156270707375,62,92525,16371,10,3,Self-Employed,402,High
7f80ee29-4225-45de-b00f-ec6e72021068,41,110711,26782,15,2,Unemployed,432,High
bbbcdf73-f961-42bf-b8a8-64b9b593d230,53,96811,5004,16,2,Self-Employed,487,High
6130fb52-ce1d-4e52-aa75-7b974cafc136,28,103800,9483,12,3,Unemployed,470,High
52777b9f-8baf-41ef-b200-da5fb560b870,28,86108,6262,8,1,Salaried,310,High
868dec87-8fcf-4b77-a900-886a05a0c762,34,117402,16466,8,1,Unemployed,547,High
baede690-04f5-4d35-85d1-39d2fc2665b6,43,51980,20346,19,1,Unemployed,472,High
df5bb823-30f9-4df3-b0aa-2518f9ddec68,40,29928,18612,3,2,Salaried,331,High
c7f2e3a6-8b66-4228-8f4e-b0a5bc3a55fe,62,30365,17774,17,2,Salaried,338,High
d0ec11c7-b35a-4320-b2e1-c390c2af7d0a,55,113554,28392,12,3,Unemployed,418,High
6cf2b67a-95f6-4c3c-a944-d49969157418,60,111322,25915,3,1,Salaried,408,High
fa41deb9-6dbd-41eb-9df1-a09317a27bd7,21,33247,21133,2,2,Self-Employed,322,High
d7af7831-b772-4c22-a9e4-e7c873f42a51,31,25650,3433,15,2,Unemployed,456,High
77510113-4c19-4d83-8e0c-b9edd1058c79,50,37874,20504,4,3,Salaried,456,High
60b6f831-44a8-4feb-9d5a-b2ef3b555e42,49,113345,8081,4,0,Self-Employed,464,High
9976b8e4-6e5d-45f6-a94d-082f450e8f6b,43,39966,18633,17,0,Self-Employed,425,High
6d23b43b-5aa7-49ae-8cee-8217dd28ce38,33,66780,3815,17,3,Salaried,342,High
bb9cf770-2fe0-4580-8a2b-118c5db49676,65,76199,4738,19,2,Unemployed,527,High
693defa1-9c72-4f80-ac36-07985df60558,41,77388,28189,9,3,Unemployed,435,High
bc4baf07-f4a8-437b-bd54-7c28ef3a6d9d,52,64386,8599,18,0,Unemployed,331,High
440bc163-fbb8-4cfe-afe7-67bd6fda83a5,40,34648,5416,1,3,Self-Employed,442,High
4b061940-c59c-4506-a500-fccb46f09ebb,38,86676,11538,5,3,Salaried,420,High
8ec6558f-5884-45e7-8c58-7efb71be882a,46,28001,26737,7,2,Self-Employed,372,High
bbb5b04c-c607-491a-94fa-b25b6f249caa,57,34193,8974,5,1,Unemployed,410,High
bc3db6d4-56e8-4714-a40b-f234bca2af77,63,56628,3842,7,2,Self-Employed,384,High
130bbf8c-8152-4baf-9d01-e10d5b290f35,48,68229,3679,19,1,Salaried,366,High
57aa5f44-ef80-4da9-ae76-5fd984dec040,57,41194,8440,13,2,Salaried,328,High
b0d0630a-9755-41f4-b5f0-086e4b647ce9,59,61415,5476,16,0,Salaried,389,High
ea442423-a9ef-44c4-b2fc-83d698d8f63d,52,78390,6651,13,0,Unemployed,501,High
739f7cb3-7f8d-48a5-a084-d95f4e3e95a8,56,97382,17791,1,3,Unemployed,309,High
2a513133-b6f5-4a70-bc39-ed534dfc3e41,58,36070,12591,5,1,Self-Employed,438,High
de805b8f-a923-4fa8-80d3-06b4dc240fe8,35,56197,15013,5,2,Unemployed,324,High
610b76d5-023a-48c6-b30e-284d891e84b7,30,51146,28331,20,2,Unemployed,315,High
4797ff9f-728b-49c0-8c5d-8fe12e7b0f34,50,81317,27077,20,1,Unemployed,345,High
49e7bbca-c6cc-44fe-8091-100734e700c0,65,114096,6874,4,2,Unemployed,311,High
aeda705e-bb4c-4544-9b7d-115dc18cea89,52,67031,7594,15,0,Salaried,452,High
11b7e7ef-3fc6-4dec-92fa-cb1a58b72dc5,30,85708,10653,11,2,Self-Employed,497,High
e715924d-2133-4147-ad45-0446f3b9f35c,56,54816,11913,10,1,Salaried,330,High
94e02949-077b-4b1a-a57f-1cdfd1d5d3c2,32,63117,4552,1,3,Salaried,449,High
91f563da-6bf3-46b2-8916-da952e46950a,23,91068,15971,7,0,Salaried,476,High
a4a2a9c5-2bb3-474c-bef4-33542772fdfa,62,84240,14865,9,2,Salaried,545,High
613404e7-6b2e-4735-83af-1aeaec5ee8c3,45,88390,24393,17,0,Unemployed,454,High
0d0ff92e-85cb-408a-965c-e097558dd2c6,35,50067,23316,1,2,Self-Employed,461,High
28255b88-c83f-467c-8902-c6d3cf36bd59,27,57969,5748,9,0,Self-Employed,337,High
434d5546-3e29-4d7d-ace3-846929225273,23,51503,28560,17,1,Unemployed,313,High
bed7e72e-2354-4e41-afda-25de8bb6826a,35,114285,18421,16,0,Unemployed,528,High
5c57bb3b-6745-4594-8068-c11e6b878158,30,101996,3259,8,1,Unemployed,466,High
f3c38e19-7f9e-4467-95c9-942e174a05b4,44,67076,23400,16,2,Salaried,509,High
7b8cf344-16bd-4ec8-bcc6-a330d09eb41a,26,109296,18728,5,0,Salaried,441,High
7e159e74-64c7-480d-8cfd-5c854fdc94b2,49,34317,5839,9,2,Self-Employed,447,High
56ba1019-9a3a-45ae-818f-d9a0187e80e5,33,112767,18730,16,1,Unemployed,424,High
54ac445b-256a-49ec-a7a5-0f6ed878f95c,21,44772,15586,13,1,Salaried,441,High
c651c6c5-8ac0-48f6-9de3-64e546fe919f,44,119388,5401,17,2,Unemployed,451,High
2da9e7c3-1e55-405e-9401-d98dd2a2fdb7,34,71031,14088,12,2,Unemployed,511,High
9070c24d-092e-4725-938f-c43d55b02e42,22,69275,15479,12,1,Self-Employed,469,High
8c240219-d327-4d63-9b68-56b5314c3044,24,41794,25264,1,3,Salaried,518,High
3842a000-c7c7-48ff-8745-cfcac46960a1,40,85968,21421,15,0,Salaried,498,High
4b73a6c9-79d1-46ec-9380-d22aaa3ff5d2,36,64974,13791,8,2,Unemployed,302,High
34b9adef-65ea-48f1-a6f0-f588be20e1f9,34,38780,22753,10,2,Self-Employed,365,High
5f9caa2a-5a4e-47bc-b9fd-1b7b48693073,39,70308,18628,17,3,Unemployed,415,High
7f05a2e7-4fe4-469b-8802-007ccb261f8f,33,95143,6300,7,1,Salaried,431,High
6465820d-d44c-4785-8b0d-69869fed4be7,32,32615,3871,18,3,Unemployed,365,High
851bda48-7e2d-448d-9000-8260bf329f45,45,113970,6941,18,1,Self-Employed,541,High
40e4f3a4-f281-44f1-855c-6ec350b2b2ca,48,93884,5637,2,1,Unemployed,432,High
5dfa8e61-2282-4d31-a638-e8c1214a0b1b,42,117287,17024,8,0,Salaried,306,High
b65794a9-65c8-45fd-a064-c5b460db9ced,65,47162,20739,12,3,Self-Employed,330,High
b5be31c8-26b5-42ab-a11a-6a45514e5ad0,58,109012,21036,11,1,Salaried,452,High
